id,season,war
1005706,1974,0.1
1005706,1975,0.3
1005706,1976,3.2
1005706,1977,3.7
1005706,1978,2.2
1005706,1979,7.4
1005706,1980,6.9
1005706,1981,4.1
1005706,1982,4.7
1005706,1983,5.4
1005706,1984,5.7
1005706,1985,5.0
1005706,1986,5.8
1005706,1987,3.6
1005706,1988,1.8
1005706,1989,0.2
1005706,1990,-0.7
1002186,1888,-0.1
1002186,1890,6.5
1002186,1891,3.4
1002186,1892,7.2
1002186,1893,4.9
1002186,1894,4.3
1002186,1895,2.4
1002186,1896,6.7
1002186,1897,4.5
1002186,1898,3.0
1002186,1899,1.1
1002186,1900,0.8
1002186,1901,0.8
1012186,1978,2.7
1012186,1979,0.7
1012186,1980,4.0
1012186,1981,0.7
1012186,1982,4.1
1012186,1983,3.4
1012186,1984,4.0
1012186,1985,5.6
1012186,1986,4.9
1012186,1987,6.3
1012186,1988,5.8
1012186,1989,6.7
1012186,1990,3.1
1012186,1991,5.1
1012186,1992,5.1
1012186,1993,2.6
1012186,1994,1.9
1012186,1995,-0.5
1012186,1996,1.3
1119,1992,1.5
1119,1993,0.4
1119,1994,2.7
1119,1995,2.8
1119,1996,1.8
1119,1997,4.1
1119,1998,4.2
1119,1999,3.6
1119,2000,7.4
1119,2001,4.9
1119,2002,6.7
1119,2003,3.3
1119,2004,4.2
1119,2005,3.6
1119,2006,1.7
1119,2007,2.8
1119,2008,0.3
1003451,1973,-0.4
1003451,1974,1.6
1003451,1975,3.0
1003451,1976,1.8
1003451,1977,1.3
1003451,1978,3.0
1003451,1979,5.0
1003451,1980,0.2
1003451,1981,1.3
1003451,1982,5.4
1003451,1983,1.4
1003451,1984,3.3
1003451,1985,2.6
1003451,1986,3.9
1003451,1987,3.9
1003451,1988,2.5
1003451,1989,1.9
1003451,1990,2.1
1003451,1991,2.2
1003451,1992,2.2
194,1979,-0.7
194,1980,7.8
194,1981,6.7
194,1982,5.8
194,1983,7.0
194,1984,5.5
194,1985,9.7
194,1986,6.4
194,1987,5.0
194,1988,5.5
194,1989,8.4
194,1990,10.2
194,1991,3.8
194,1992,5.6
194,1993,4.8
194,1994,2.8
194,1995,2.6
194,1996,2.2
194,1997,1.8
194,1998,1.9
194,1999,2.1
194,2000,0.5
194,2001,0.4
194,2002,0.6
194,2003,0.1
1012201,1966,-0.2
1012201,1967,2.9
1012201,1968,4.2
1012201,1969,5.0
1012201,1970,6.3
1012201,1971,5.5
1012201,1972,3.4
1012201,1973,4.9
1012201,1974,6.0
1012201,1975,3.5
1012201,1976,2.7
1012201,1977,6.5
1012201,1978,4.6
1012201,1979,2.3
1012201,1980,4.2
1012201,1981,0.0
1012201,1982,2.9
1000512,1953,0.5
1000512,1954,2.0
1000512,1955,7.8
1000512,1956,4.8
1000512,1957,6.1
1000512,1958,8.7
1000512,1959,9.7
1000512,1960,7.0
1000512,1961,4.0
1000512,1962,2.3
1000512,1963,0.2
1000512,1964,3.0
1000512,1965,1.8
1000512,1966,0.6
1000512,1967,2.1
1000512,1968,3.0
1000512,1969,0.1
1000512,1970,0.1
1000512,1971,-0.6
1004101,1969,-0.1
1004101,1971,0.7
1004101,1972,6.6
1004101,1973,3.7
1004101,1974,2.7
1004101,1975,3.1
1004101,1976,4.2
1004101,1977,7.6
1004101,1978,5.7
1004101,1979,0.4
1004101,1980,3.8
1004101,1981,2.4
1004101,1982,3.0
1004101,1983,4.6
1004101,1984,1.8
1004101,1985,3.4
1004101,1986,-1.5
1004101,1987,3.0
1004101,1988,2.9
1004101,1989,3.4
1004101,1990,5.0
1004101,1991,2.2
1004101,1992,0.5
1004101,1993,-0.7
1000284,1930,0.0
1000284,1931,-0.9
1000284,1932,0.9
1000284,1933,4.5
1000284,1934,1.7
1000284,1935,6.4
1000284,1936,7.1
1000284,1937,6.0
1000284,1938,1.7
1000284,1939,4.3
1000284,1940,5.4
1000284,1941,5.0
1000284,1942,2.8
1000284,1943,7.8
1000284,1945,1.0
1000284,1946,5.8
1000284,1947,4.4
1000284,1948,3.6
1000284,1949,5.2
1000284,1950,-0.1
1012606,1983,2.8
1012606,1984,3.1
1012606,1985,4.8
1012606,1986,3.4
1012606,1987,5.5
1012606,1988,5.3
1012606,1989,4.3
1012606,1990,6.5
1012606,1991,4.2
1012606,1992,0.2
1012606,1993,-1.0
1012606,1994,-0.1
1012606,1995,0.5
1012606,1996,0.6
1012606,1997,-0.4
1012606,1998,1.2
1012606,1999,0.8
1006002,1909,0.9
1006002,1910,3.0
1006002,1911,4.0
1006002,1912,1.1
1006002,1913,3.3
1006002,1914,3.2
1006002,1915,2.6
1006002,1916,3.6
1006002,1917,3.4
1006002,1918,5.2
1006002,1919,3.3
1006002,1920,5.3
1006002,1921,2.9
1006002,1922,3.5
1006002,1923,1.4
1006002,1924,4.6
1006002,1925,1.1
1004879,1879,1.1
1004879,1880,4.6
1004879,1881,2.6
1004879,1882,3.3
1004879,1883,3.9
1004879,1884,4.2
1004879,1885,5.2
1004879,1886,5.0
1004879,1887,1.8
1004879,1888,0.3
1004879,1889,3.5
1004879,1890,3.2
1004879,1891,2.6
1004879,1892,1.7
1001682,1890,2.5
1001682,1891,0.2
1001682,1892,3.1
1001682,1893,4.2
1001682,1894,3.5
1001682,1895,5.9
1001682,1896,5.7
1001682,1897,5.1
1001682,1898,4.0
1001682,1899,6.1
1001682,1900,5.6
1001682,1901,7.3
1001682,1902,4.5
1001682,1903,2.8
1001682,1904,3.6
1001682,1905,2.3
1007428,1898,-0.1
1007428,1899,1.4
1007428,1900,0.1
1007428,1901,3.1
1007428,1902,5.9
1007428,1903,4.1
1007428,1904,4.0
1007428,1905,2.0
1007428,1906,2.8
1007428,1907,5.6
1007428,1908,5.0
1007428,1909,4.2
1007428,1910,2.2
1007428,1911,1.0
1007428,1912,2.2
1007428,1913,4.0
1007428,1914,3.9
1007428,1915,0.6
1007428,1918,0.2
1010482,1961,-0.3
1010482,1962,0.3
1010482,1963,2.1
1010482,1964,6.0
1010482,1965,2.3
1010482,1966,4.3
1010482,1967,0.2
1010482,1968,2.6
1010482,1969,6.4
1010482,1970,5.7
1010482,1971,3.8
1010482,1972,2.5
1010482,1973,2.3
1010482,1974,1.8
1010482,1975,4.0
1010482,1976,-0.1
1010482,1977,0.1
1002796,1926,0.4
1002796,1927,-0.1
1002796,1928,0.5
1002796,1929,3.4
1002796,1930,8.3
1002796,1931,7.0
1002796,1932,6.0
1002796,1933,7.4
1002796,1934,3.7
1002796,1935,3.1
1002796,1936,0.7
1002796,1937,3.7
1002796,1938,6.7
1002796,1939,4.1
1002796,1940,4.1
1002796,1941,5.1
1002796,1942,0.9
1002796,1943,1.1
1002796,1944,0.4
1002796,1945,0.2
1070,1995,0.0
1070,1996,-0.1
1070,1997,4.3
1070,1998,0.9
1070,1999,5.3
1070,2000,3.6
1070,2001,5.5
1070,2002,5.5
1070,2003,5.3
1070,2004,3.8
1070,2005,2.1
1070,2006,4.5
1070,2007,1.9
1070,2008,4.0
1070,2009,4.1
1070,2010,-0.2
1070,2011,0.2
1001944,1910,0.3
1001944,1911,2.3
1001944,1912,4.0
1001944,1913,3.6
1001944,1914,2.2
1001944,1915,2.6
1001944,1916,4.9
1001944,1917,5.6
1001944,1918,4.5
1001944,1919,1.7
1001944,1920,2.9
1001944,1921,4.5
1001944,1922,5.6
1001944,1923,5.3
1001944,1924,4.1
1001944,1925,4.8
1001944,1926,-1.2
1001944,1927,2.2
1001944,1928,0.2
1001944,1929,0.0
854,1989,0.1
854,1990,1.7
854,1991,5.4
854,1992,6.1
854,1993,5.5
854,1994,3.0
854,1995,4.8
854,1996,5.0
854,1997,1.8
854,1998,5.8
854,1999,7.3
854,2000,1.9
854,2001,2.7
854,2002,3.7
854,2003,1.4
854,2004,0.5
1012309,1907,-0.2
1012309,1908,0.0
1012309,1909,6.3
1012309,1910,7.5
1012309,1911,5.9
1012309,1912,10.6
1012309,1913,8.6
1012309,1914,9.3
1012309,1915,6.5
1012309,1916,8.0
1012309,1917,7.7
1012309,1918,5.6
1012309,1919,5.1
1012309,1920,8.7
1012309,1921,6.3
1012309,1922,6.7
1012309,1923,8.7
1012309,1924,4.4
1012309,1925,6.4
1012309,1926,5.1
1012309,1927,3.2
1012309,1928,0.4
4747,2004,0.1
4747,2005,1.1
4747,2006,4.0
4747,2007,7.9
4747,2008,4.1
4747,2009,3.0
4747,2010,4.0
4747,2011,6.9
4747,2012,4.0
4747,2013,1.2
4747,2014,1.2
4747,2015,5.3
4747,2016,3.1
4747,2017,2.1
4747,2018,0.9
4747,2019,-0.9
97,1993,0.1
97,1995,2.9
97,1996,6.3
97,1997,3.7
97,1998,7.1
97,1999,7.3
97,2000,6.0
97,2001,6.1
97,2002,5.9
97,2003,3.9
97,2004,3.3
97,2005,4.9
97,2006,3.9
97,2007,6.9
97,2008,7.1
97,2009,2.3
97,2010,2.5
97,2011,1.8
97,2012,2.5
1009904,1926,0.3
1009904,1927,0.0
1009904,1928,4.1
1009904,1929,8.0
1009904,1930,6.9
1009904,1931,5.8
1009904,1932,8.1
1009904,1933,5.4
1009904,1934,7.3
1009904,1935,7.7
1009904,1936,7.9
1009904,1937,6.7
1009904,1938,8.7
1009904,1939,5.6
1009904,1940,5.0
1009904,1941,4.7
1009904,1942,6.3
1009904,1943,3.0
1009904,1944,5.3
1009904,1945,4.6
1009904,1946,-0.9
1009904,1947,-0.1
1857,2004,1.2
1857,2005,3.4
1857,2006,5.8
1857,2007,3.3
1857,2008,5.8
1857,2009,8.2
1857,2010,5.5
1857,2011,2.2
1857,2012,4.3
1857,2013,5.0
1857,2014,1.7
1857,2015,0.3
1857,2016,1.0
1857,2017,2.2
1857,2018,1.0
1008315,1951,3.9
1008315,1952,1.0
1008315,1954,10.3
1008315,1955,9.0
1008315,1956,6.9
1008315,1957,8.4
1008315,1958,9.7
1008315,1959,7.4
1008315,1960,8.3
1008315,1961,8.3
1008315,1962,10.5
1008315,1963,9.8
1008315,1964,10.5
1008315,1965,10.7
1008315,1966,8.5
1008315,1967,4.1
1008315,1968,6.7
1008315,1969,2.9
1008315,1970,4.8
1008315,1971,5.9
1008315,1972,1.8
1008315,1973,0.4
1001708,1911,-0.3
1001708,1912,0.1
1001708,1913,3.6
1001708,1914,7.0
1001708,1915,2.3
1001708,1916,3.1
1001708,1917,6.7
1001708,1918,4.6
1001708,1919,5.8
1001708,1920,4.8
1001708,1921,3.4
1001708,1922,1.9
1001708,1923,2.6
1001708,1924,0.2
1001708,1925,0.0
1001860,1933,0.2
1001860,1934,1.0
1001860,1935,0.8
1001860,1936,5.6
1001860,1937,6.1
1001860,1938,4.4
1001860,1939,6.5
1001860,1940,5.5
1001860,1941,6.9
1001860,1942,5.0
1001860,1943,1.8
1001860,1945,0.1
589,1998,0.2
589,1999,4.3
589,2000,0.4
589,2001,5.4
589,2002,5.4
589,2003,6.9
589,2004,6.4
589,2005,2.3
589,2006,7.8
589,2007,5.1
589,2008,7.2
589,2009,2.9
589,2010,0.7
589,2011,4.3
589,2012,3.3
589,2013,2.7
589,2014,-0.5
589,2015,1.8
589,2016,2.4
589,2017,-1.1
970,1996,-0.2
970,1997,4.2
970,1998,7.0
970,1999,4.8
970,2000,4.6
970,2001,5.6
970,2002,6.5
970,2003,6.2
970,2004,9.0
970,2005,1.1
970,2006,5.5
970,2007,2.4
970,2008,2.7
970,2009,4.1
970,2010,4.5
970,2011,1.1
970,2012,0.8
1744,2003,0.8
1744,2004,2.3
1744,2005,5.1
1744,2006,6.3
1744,2007,5.0
1744,2008,2.6
1744,2009,5.1
1744,2010,6.1
1744,2011,6.6
1744,2012,7.3
1744,2013,8.6
1744,2014,5.2
1744,2015,4.6
1744,2016,4.8
1744,2017,-0.1
1744,2018,0.7
1744,2019,0.3
1002108,1971,0.0
1002108,1972,0.1
1002108,1973,4.4
1002108,1974,5.0
1002108,1975,6.6
1002108,1976,6.4
1002108,1977,4.3
1002108,1978,5.7
1002108,1979,5.5
1002108,1980,5.2
1002108,1981,3.3
1002108,1982,3.6
1002108,1983,1.9
1002108,1984,1.6
1002108,1985,0.6
1002108,1986,1.6
1002108,1987,0.0
1003467,1907,-0.5
1003467,1908,3.2
1003467,1909,4.5
1003467,1910,4.3
1003467,1911,5.9
1003467,1912,5.8
1003467,1913,3.7
1003467,1914,2.9
1003467,1915,4.7
1003467,1916,4.1
1003467,1917,1.7
1003467,1918,2.2
1003467,1919,3.9
1003467,1920,3.3
1093,1989,0.0
1093,1990,1.4
1093,1991,2.5
1093,1992,3.1
1093,1993,8.1
1093,1994,3.1
1093,1995,2.2
1093,1996,2.6
1093,1997,4.4
1093,1998,8.1
1093,1999,5.8
1093,2000,3.6
1093,2001,4.6
1093,2002,4.5
1093,2003,2.1
1093,2004,0.7
1093,2005,0.4
1000898,1946,0.5
1000898,1947,1.3
1000898,1948,2.4
1000898,1949,2.5
1000898,1950,6.0
1000898,1951,5.3
1000898,1952,5.8
1000898,1953,5.4
1000898,1954,5.9
1000898,1955,5.2
1000898,1956,6.4
1000898,1957,3.3
1000898,1958,3.5
1000898,1959,4.0
1000898,1960,2.3
1000898,1961,2.2
1000898,1962,0.4
1000898,1963,1.5
1000898,1965,-0.1
1009355,1976,0.0
1009355,1977,-0.2
1009355,1978,-0.6
1009355,1979,0.4
1009355,1980,5.7
1009355,1981,1.7
1009355,1982,6.0
1009355,1983,7.0
1009355,1984,5.6
1009355,1985,4.6
1009355,1986,2.2
1009355,1987,7.1
1009355,1988,2.6
1009355,1989,1.4
1009355,1990,1.6
1009355,1991,0.7
1009355,1992,-0.7
1009355,1993,-0.6
1005458,1922,-0.4
1005458,1923,1.3
1005458,1924,3.5
1005458,1925,2.9
1005458,1926,1.9
1005458,1927,3.2
1005458,1928,4.4
1005458,1929,0.3
1005458,1930,5.6
1005458,1931,2.7
1005458,1932,2.4
1005458,1933,3.3
1005458,1934,3.8
1005458,1935,5.1
1005458,1936,2.9
1005458,1937,4.7
1005458,1938,2.6
1005458,1939,2.1
1005458,1940,0.3
1005458,1941,1.0
1013975,1959,-0.3
1013975,1960,0.4
1013975,1961,1.2
1013975,1962,2.9
1013975,1963,5.9
1013975,1964,4.9
1013975,1965,7.1
1013975,1966,3.6
1013975,1967,4.5
1013975,1968,5.0
1013975,1969,2.8
1013975,1970,6.4
1013975,1971,4.4
1013975,1972,6.5
1013975,1973,2.1
1013975,1974,1.5
1013975,1975,1.7
1013975,1976,-0.3
1013133,1960,0.0
1013133,1961,3.0
1013133,1962,2.0
1013133,1963,4.4
1013133,1964,5.8
1013133,1965,5.2
1013133,1966,6.9
1013133,1967,5.0
1013133,1968,2.6
1013133,1969,3.3
1013133,1970,6.0
1013133,1971,6.9
1013133,1972,3.4
1013133,1973,2.6
1013133,1974,3.2
1013133,1975,1.1
1013133,1976,1.5
1013133,1977,-0.6
1007259,1896,0.8
1007259,1897,5.2
1007259,1898,3.6
1007259,1899,3.9
1007259,1900,4.2
1007259,1901,8.9
1007259,1902,5.3
1007259,1903,7.6
1007259,1904,8.8
1007259,1905,2.9
1007259,1906,9.4
1007259,1907,7.0
1007259,1908,7.0
1007259,1909,6.0
1007259,1910,9.3
1007259,1911,2.5
1007259,1912,4.5
1007259,1913,4.7
1007259,1914,-0.2
1007259,1915,1.1
1007259,1916,-0.4
1007872,1974,0.8
1007872,1975,7.1
1007872,1976,3.9
1007872,1977,1.6
1007872,1978,4.2
1007872,1979,8.6
1007872,1980,4.6
1007872,1981,0.1
1007872,1982,4.6
1007872,1983,1.7
1007872,1984,3.9
1007872,1985,1.8
1007872,1986,2.9
1007872,1987,0.8
1007872,1988,2.6
1007872,1989,0.6
1007872,1990,-0.5
731,1997,0.0
731,1998,-0.5
731,1999,0.1
731,2000,-0.1
731,2001,4.2
731,2002,4.2
731,2003,3.5
731,2004,2.6
731,2005,2.4
731,2006,2.3
731,2007,3.2
731,2008,2.4
731,2009,3.9
731,2010,3.2
731,2011,2.0
731,2012,4.7
731,2013,3.1
731,2014,1.1
731,2015,0.7
3410,2007,2.5
3410,2008,4.5
3410,2009,5.0
3410,2010,3.7
3410,2011,7.1
3410,2012,6.8
3410,2013,1.6
3410,2014,1.1
3410,2015,3.2
3410,2016,3.3
3410,2017,1.6
3410,2018,1.3
3410,2019,0.5
55,1990,-0.1
55,1991,3.4
55,1992,2.0
55,1993,5.4
55,1994,1.7
55,1995,2.4
55,1996,2.7
55,1997,2.3
55,1998,1.7
55,1999,6.6
55,2000,4.7
55,2001,8.9
55,2002,5.2
55,2003,3.8
55,2004,1.0
55,2005,2.6
55,2006,0.9
55,2007,0.6
55,2008,-0.8
1001772,1981,0.5
1001772,1982,-1.2
1001772,1983,2.7
1001772,1984,2.8
1001772,1985,3.8
1001772,1986,2.5
1001772,1987,3.9
1001772,1988,5.8
1001772,1989,2.0
1001772,1990,4.6
1001772,1991,4.7
1001772,1992,4.6
1001772,1993,1.8
1001772,1994,3.3
1001772,1995,0.9
1001772,1996,-0.3
1001772,1997,-0.2
818,1995,0.7
818,1996,1.2
818,1997,1.7
818,1998,2.6
818,1999,5.2
818,2000,7.7
818,2001,9.2
818,2002,6.6
818,2003,5.0
818,2004,0.0
818,2005,4.2
818,2006,3.0
818,2007,0.7
818,2008,2.4
818,2009,0.0
818,2010,-0.1
818,2011,1.1
818,2012,-0.3
818,2013,-0.7
818,2014,-0.5
1004874,1938,3.8
1004874,1939,6.6
1004874,1940,6.1
1004874,1941,5.9
1004874,1942,8.8
1004874,1943,6.8
1004874,1946,2.1
1004874,1947,6.9
1004874,1948,7.1
1004874,1949,4.5
1004874,1950,2.0
1009179,1963,0.0
1009179,1964,-0.2
1009179,1965,5.1
1009179,1966,3.3
1009179,1967,4.5
1009179,1968,0.2
1009179,1969,3.5
1009179,1970,3.5
1009179,1971,5.4
1009179,1972,8.7
1009179,1973,9.5
1009179,1974,8.6
1009179,1975,11.0
1009179,1976,9.5
1009179,1977,5.8
1009179,1978,1.5
1009179,1979,2.6
1009179,1980,4.0
1009179,1981,2.3
1009179,1982,5.2
1009179,1983,3.5
1009179,1984,1.3
1006776,1891,-0.1
1006776,1892,0.1
1006776,1893,3.5
1006776,1894,7.1
1006776,1895,6.5
1006776,1896,7.8
1006776,1897,5.3
1006776,1898,4.0
1006776,1899,4.8
1006776,1900,3.8
1006776,1901,3.1
1006776,1902,2.7
1006776,1903,2.6
1006776,1904,2.7
1006776,1905,0.4
1006776,1906,-0.1
1006776,1908,0.6
1010909,1879,2.5
1010909,1880,1.0
1010909,1881,2.5
1010909,1882,2.2
1010909,1883,4.1
1010909,1884,3.5
1010909,1885,3.0
1010909,1886,7.3
1010909,1887,4.4
1010909,1888,2.2
1010909,1889,4.1
1010909,1890,4.6
1010909,1891,1.6
1010909,1892,0.5
971,2000,-0.1
971,2001,2.1
971,2002,1.5
971,2003,2.3
971,2004,5.0
971,2005,3.9
971,2006,4.3
971,2007,6.5
971,2008,5.0
971,2009,2.5
971,2010,2.3
971,2011,3.6
971,2012,4.6
971,2013,1.7
971,2014,3.8
971,2015,0.4
971,2016,0.0
1012060,1938,1.0
1012060,1939,4.2
1012060,1940,3.7
1012060,1941,3.3
1012060,1942,6.8
1012060,1946,4.4
1012060,1947,3.2
1012060,1948,4.7
1012060,1949,5.7
1012060,1950,1.7
1012060,1951,2.2
1012060,1952,4.0
1012060,1953,2.0
1012060,1954,0.0
1012060,1955,1.8
1012060,1956,0.7
1012060,1957,1.3
1012060,1958,1.0
1012060,1959,-0.4
1005033,1970,0.3
1005033,1971,0.6
1005033,1972,5.4
1005033,1973,7.8
1005033,1974,6.8
1005033,1975,6.8
1005033,1976,5.7
1005033,1977,1.4
1005033,1978,3.0
1005033,1979,5.6
1005033,1980,4.4
1005033,1981,5.3
1005033,1982,4.3
1005033,1983,4.2
1005033,1984,1.9
1005033,1985,3.4
1005033,1986,2.1
1011070,1947,3.5
1011070,1948,4.8
1011070,1949,9.6
1011070,1950,6.8
1011070,1951,9.0
1011070,1952,7.8
1011070,1953,6.0
1011070,1954,3.6
1011070,1955,1.8
1011070,1956,4.2
1012426,1962,0.1
1012426,1963,0.1
1012426,1964,1.4
1012426,1965,3.3
1012426,1966,4.8
1012426,1967,2.5
1012426,1968,2.3
1012426,1969,5.2
1012426,1970,2.8
1012426,1971,8.2
1012426,1972,4.8
1012426,1973,7.7
1012426,1974,6.0
1012426,1975,4.0
1012426,1976,1.3
1012426,1977,1.1
1012426,1978,3.6
1012426,1979,2.7
1012426,1980,1.0
1012426,1981,-0.2
1012426,1982,0.3
1004264,1912,0.1
1004264,1913,0.7
1004264,1914,3.5
1004264,1915,6.0
1004264,1916,1.6
1004264,1917,0.0
1004264,1918,0.7
1004264,1920,3.3
1004264,1921,4.4
1004264,1922,1.2
1004264,1923,5.8
1004264,1924,6.6
1004264,1925,5.8
1004264,1926,1.1
1004264,1927,1.3
1011066,1956,5.8
1011066,1957,6.6
1011066,1958,3.9
1011066,1959,5.5
1011066,1960,6.3
1011066,1961,7.1
1011066,1962,8.2
1011066,1963,4.0
1011066,1964,7.1
1011066,1965,5.2
1011066,1966,8.2
1011066,1967,5.7
1011066,1968,3.9
1011066,1969,7.3
1011066,1970,4.7
1011066,1971,3.7
1011066,1972,2.7
1011066,1973,4.2
1011066,1974,3.0
1011066,1975,0.9
1011066,1976,0.1
1012021,1915,0.6
1012021,1916,3.3
1012021,1917,5.9
1012021,1918,6.4
1012021,1919,6.3
1012021,1920,9.9
1012021,1921,5.7
1012021,1922,8.3
1012021,1924,0.2
1012021,1925,2.3
1012021,1926,-0.6
1012021,1927,1.4
1012021,1928,2.0
1012021,1929,0.1
1012021,1930,0.0
1000335,1948,4.4
1000335,1949,2.0
1000335,1950,3.3
1000335,1951,6.1
1000335,1952,2.9
1000335,1953,5.4
1000335,1954,6.4
1000335,1955,6.1
1000335,1956,5.1
1000335,1957,5.2
1000335,1958,6.5
1000335,1959,-0.9
1000335,1960,3.7
1000335,1961,-0.6
1000335,1962,2.0
96,1996,0.0
96,1997,3.7
96,1998,7.0
96,1999,6.9
96,2000,7.7
96,2001,4.9
96,2002,6.3
96,2003,5.2
96,2004,5.3
96,2005,7.9
96,2006,6.0
96,2007,3.3
96,2008,-1.1
96,2009,0.6
96,2010,1.4
96,2011,1.5
96,2012,0.3
1011011,1941,4.8
1011011,1942,5.8
1011011,1946,1.8
1011011,1947,3.9
1011011,1948,1.4
1011011,1949,3.6
1011011,1950,6.9
1011011,1951,3.8
1011011,1952,4.9
1011011,1953,3.2
1011011,1954,0.3
1011011,1955,0.9
1011011,1956,-0.1
1002451,1906,-0.1
1002451,1907,0.1
1002451,1908,1.6
1002451,1909,10.0
1002451,1910,9.7
1002451,1911,6.8
1002451,1912,8.3
1002451,1913,9.0
1002451,1914,8.3
1002451,1915,9.3
1002451,1916,6.4
1002451,1917,5.2
1002451,1918,3.1
1002451,1919,5.3
1002451,1920,8.2
1002451,1921,4.2
1002451,1922,3.5
1002451,1923,5.8
1002451,1924,4.9
1002451,1925,4.7
1002451,1926,3.9
1002451,1927,2.1
1002451,1928,0.2
1002451,1929,-0.1
1002451,1930,0.0
1013485,1897,1.3
1013485,1898,3.6
1013485,1899,6.0
1013485,1900,6.9
1013485,1901,7.5
1013485,1902,7.5
1013485,1903,8.4
1013485,1904,9.0
1013485,1905,10.8
1013485,1906,9.6
1013485,1907,9.2
1013485,1908,11.8
1013485,1909,9.7
1013485,1910,6.2
1013485,1911,7.0
1013485,1912,8.5
1013485,1913,3.0
1013485,1914,3.5
1013485,1915,5.5
1013485,1916,3.0
1013485,1917,0.2
547,1991,4.3
547,1992,4.5
547,1993,5.5
547,1994,7.8
547,1995,4.5
547,1996,7.7
547,1997,8.0
547,1998,6.7
547,1999,7.8
547,2000,5.9
547,2001,5.2
547,2002,4.8
547,2003,3.7
547,2004,3.6
547,2005,0.0
1002914,1921,-0.1
1002914,1922,0.0
1002914,1923,-0.1
1002914,1924,4.9
1002914,1925,7.5
1002914,1926,5.1
1002914,1927,2.1
1002914,1928,3.4
1002914,1929,5.6
1002914,1930,7.0
1002914,1931,5.0
1002914,1932,1.9
1002914,1933,1.9
1002914,1934,3.9
1002914,1935,0.6
1002914,1936,3.8
1002914,1937,-0.4
1002914,1938,0.7
1013597,1926,5.5
1013597,1927,7.4
1013597,1928,7.1
1013597,1929,5.5
1013597,1930,4.6
1013597,1931,4.9
1013597,1932,5.6
1013597,1933,4.3
1013597,1934,6.3
1013597,1935,4.3
1013597,1936,7.1
1013597,1937,4.5
1013597,1938,1.2
1013597,1939,1.9
1013597,1940,0.3
1013597,1941,0.8
1013597,1942,1.1
1013597,1943,1.7
1013597,1944,0.5
1013597,1945,0.0
1001400,1973,-0.3
1001400,1974,0.7
1001400,1975,5.4
1001400,1976,7.0
1001400,1977,7.1
1001400,1978,4.8
1001400,1979,8.3
1001400,1980,9.1
1001400,1981,3.0
1001400,1982,5.7
1001400,1983,4.1
1001400,1984,3.0
1001400,1985,8.3
1001400,1986,3.8
1001400,1987,3.2
1001400,1988,5.3
1001400,1989,1.6
1001400,1990,4.2
1001400,1991,0.3
1001400,1992,0.3
1001400,1993,-0.2
455,1989,-0.1
455,1990,3.0
455,1991,3.8
455,1992,5.3
455,1993,4.7
455,1994,4.4
455,1995,4.6
455,1996,1.3
455,1997,9.1
455,1998,5.0
455,1999,4.7
455,2000,1.9
455,2001,7.6
455,2002,5.4
455,2003,3.2
455,2004,2.8
455,2005,2.2
639,1998,0.2
639,1999,3.4
639,2000,3.9
639,2001,0.9
639,2002,4.0
639,2003,3.2
639,2004,9.7
639,2005,2.4
639,2006,4.6
639,2007,2.9
639,2008,3.9
639,2009,2.2
639,2010,6.5
639,2011,5.5
639,2012,6.4
639,2013,4.9
639,2014,5.9
639,2015,4.3
639,2016,5.5
639,2017,2.9
639,2018,1.2
1006644,1915,0.6
1006644,1916,1.1
1006644,1917,3.5
1006644,1918,2.4
1006644,1919,3.9
1006644,1920,4.1
1006644,1921,2.2
1006644,1922,1.8
1006644,1923,3.0
1006644,1924,3.9
1006644,1925,2.8
1006644,1926,2.9
1006644,1927,1.9
1006644,1928,3.5
1006644,1929,3.7
1006644,1930,3.8
1006644,1931,0.2
1006644,1932,0.4
1006644,1933,-0.1
1006644,1934,0.1
1008089,1923,2.1
1008089,1924,1.8
1008089,1925,0.7
1008089,1926,4.9
1008089,1927,1.6
1008089,1928,6.9
1008089,1929,3.8
1008089,1930,4.0
1008089,1931,1.9
1008089,1932,5.1
1008089,1933,4.1
1008089,1934,4.5
1008089,1935,0.4
1008089,1936,-0.9
1008089,1937,2.3
1008089,1938,0.2
1008089,1939,-0.3
1006428,1933,3.9
1006428,1934,4.6
1006428,1935,3.9
1006428,1936,3.6
1006428,1937,5.4
1006428,1938,4.7
1006428,1939,6.4
1006428,1940,3.6
1006428,1941,4.1
1006428,1942,4.2
1006428,1943,3.2
1006428,1944,6.4
1006428,1945,3.1
1011247,1913,-0.2
1011247,1914,1.2
1011247,1915,3.5
1011247,1916,2.0
1011247,1917,5.1
1011247,1918,4.7
1011247,1919,5.3
1011247,1920,6.0
1011247,1921,3.6
1011247,1922,1.4
1011247,1923,4.8
1011247,1924,3.2
1011247,1925,3.5
1011247,1926,2.8
1011247,1927,1.4
1011247,1928,-0.1
1011247,1929,2.2
1011247,1931,-0.7
1000378,1929,3.8
1000378,1930,3.5
1000378,1931,6.1
1000378,1932,5.0
1000378,1933,3.9
1000378,1934,6.7
1000378,1935,3.6
1000378,1936,6.9
1000378,1937,3.2
1000378,1938,5.1
1000378,1939,0.8
1000378,1940,-0.5
1000378,1941,-0.2
1011586,1972,0.1
1011586,1973,2.1
1011586,1974,9.4
1011586,1975,7.9
1011586,1976,8.3
1011586,1977,9.2
1011586,1978,5.5
1011586,1979,7.5
1011586,1980,9.0
1011586,1981,7.8
1011586,1982,7.2
1011586,1983,6.9
1011586,1984,7.1
1011586,1985,5.2
1011586,1986,5.8
1011586,1987,6.1
1011586,1988,2.0
1011586,1989,-0.5
1011986,1968,0.1
1011986,1969,-0.1
1011986,1970,0.5
1011986,1971,3.8
1011986,1972,4.9
1011986,1973,5.8
1011986,1974,4.1
1011986,1975,5.7
1011986,1976,3.8
1011986,1977,5.7
1011986,1978,5.9
1011986,1979,3.9
1011986,1980,5.2
1011986,1981,0.5
1011986,1982,3.3
1011986,1983,3.7
1011986,1984,-2.4
1011986,1985,1.0
1011986,1986,-0.5
1011986,1987,0.0
1011986,1988,-0.5
1010694,1975,-0.4
1010694,1976,4.6
1010694,1977,4.2
1010694,1978,5.2
1010694,1979,5.4
1010694,1980,6.5
1010694,1981,2.1
1010694,1982,2.2
1010694,1983,3.1
1010694,1984,3.5
1010694,1985,4.3
1010694,1986,3.9
1010694,1987,4.7
1010694,1988,1.8
1010694,1989,3.9
1010694,1990,2.4
1010694,1991,4.0
1010694,1992,0.7
1013542,1894,-0.2
1013542,1895,-0.5
1013542,1896,-0.5
1013542,1897,4.9
1013542,1898,3.9
1013542,1899,5.6
1013542,1900,1.1
1013542,1901,7.1
1013542,1902,5.4
1013542,1903,3.7
1013542,1904,5.1
1013542,1905,4.4
1013542,1906,5.5
1013542,1907,4.9
1013542,1908,5.5
1013542,1909,1.5
1013542,1910,3.3
1013542,1911,0.8
1013542,1912,1.2
1013542,1913,0.1
1013542,1914,0.0
1013542,1915,0.1
1013542,1916,0.2
1013542,1917,-0.1
1013542,1918,-0.7
1005183,1932,0.3
1005183,1933,1.1
1005183,1934,2.5
1005183,1935,4.9
1005183,1936,3.6
1005183,1937,3.2
1005183,1938,5.8
1005183,1939,2.7
1005183,1940,5.4
1005183,1941,5.5
1005183,1942,5.0
1005183,1943,3.6
1005183,1944,1.8
1005183,1945,6.5
1005183,1946,2.9
1005183,1947,1.2
1009773,1968,0.0
1009773,1969,2.4
1009773,1970,1.7
1009773,1971,3.1
1009773,1972,3.2
1009773,1973,1.4
1009773,1974,5.1
1009773,1975,3.2
1009773,1976,3.9
1009773,1977,3.4
1009773,1978,3.6
1009773,1979,2.6
1009773,1980,3.4
1009773,1981,1.3
1009773,1982,4.9
1009773,1983,1.7
1009773,1984,-0.5
1009773,1985,-1.0
1266,1986,0.0
1266,1987,0.4
1266,1988,2.4
1266,1989,2.5
1266,1990,4.3
1266,1991,5.9
1266,1992,3.4
1266,1993,6.3
1266,1994,4.6
1266,1995,5.6
1266,1996,4.5
1266,1997,3.3
1266,1998,6.9
1266,1999,5.4
1266,2000,3.1
1266,2001,4.2
1266,2002,4.5
1266,2003,2.7
1266,2004,0.2
1266,2005,-0.2
1013846,1977,-0.3
1013846,1978,3.4
1013846,1979,3.8
1013846,1980,1.3
1013846,1981,3.4
1013846,1982,4.8
1013846,1983,6.0
1013846,1984,3.8
1013846,1985,4.7
1013846,1986,4.5
1013846,1987,3.1
1013846,1988,3.5
1013846,1989,5.1
1013846,1990,3.5
1013846,1991,6.1
1013846,1992,4.4
1013846,1993,3.5
1013846,1994,2.1
1013846,1995,1.3
1000505,1966,0.2
1000505,1967,0.7
1000505,1968,3.0
1000505,1969,7.7
1000505,1970,5.7
1000505,1971,6.3
1000505,1972,4.6
1000505,1973,6.4
1000505,1974,4.1
1000505,1975,3.8
1000505,1976,5.1
1000505,1977,3.2
1000505,1978,5.6
1000505,1979,0.8
1000505,1980,-0.8
1000505,1981,0.0
1406,1979,0.0
1406,1980,-0.2
1406,1981,3.7
1406,1982,3.0
1406,1983,6.0
1406,1984,6.7
1406,1985,7.2
1406,1986,6.0
1406,1987,6.7
1406,1988,3.3
1406,1989,3.9
1406,1990,2.4
1406,1991,2.7
1406,1992,5.5
1406,1993,3.3
1406,1994,1.8
1406,1995,1.1
1406,1996,1.1
1406,1997,1.0
1406,1998,0.6
1406,1999,0.1
1406,2001,0.6
1406,2002,-0.3
1001124,1982,3.9
1001124,1983,7.7
1001124,1984,6.0
1001124,1985,8.8
1001124,1986,7.7
1001124,1987,8.9
1001124,1988,8.6
1001124,1989,8.3
1001124,1990,3.2
1001124,1991,6.1
1001124,1992,1.5
1001124,1993,3.3
1001124,1994,4.2
1001124,1995,4.0
1001124,1996,3.1
1001124,1997,2.0
1001124,1998,1.4
1001124,1999,-0.4
1014326,1961,0.2
1014326,1962,4.8
1014326,1963,6.3
1014326,1964,4.5
1014326,1965,4.6
1014326,1966,5.1
1014326,1967,11.1
1014326,1968,9.3
1014326,1969,5.8
1014326,1970,8.9
1014326,1971,3.8
1014326,1972,2.4
1014326,1973,5.4
1014326,1974,3.7
1014326,1975,2.9
1014326,1976,3.3
1014326,1977,5.0
1014326,1978,2.4
1014326,1979,2.2
1014326,1980,0.9
1014326,1981,0.5
1014326,1982,1.5
1014326,1983,0.4
1152,1998,1.1
1152,1999,2.5
1152,2000,3.8
1152,2001,5.6
1152,2002,1.8
1152,2003,2.7
1152,2004,8.6
1152,2005,2.7
1152,2006,4.2
1152,2007,2.0
1152,2008,4.1
1152,2009,4.9
1152,2010,2.3
1152,2011,-0.3
1004330,1961,-0.2
1004330,1962,0.6
1004330,1963,3.9
1004330,1964,7.0
1004330,1965,5.4
1004330,1966,5.0
1004330,1967,5.2
1004330,1968,3.5
1004330,1969,4.4
1004330,1970,6.8
1004330,1971,1.0
1004330,1972,0.1
1004330,1973,-0.2
1004330,1974,0.9
1004330,1975,0.3
1004330,1976,0.0
1004330,1977,0.6
1004330,1978,0.0
1003733,1939,1.2
1003733,1940,2.6
1003733,1941,2.1
1003733,1942,3.2
1003733,1943,4.5
1003733,1944,4.2
1003733,1945,3.1
1003733,1946,1.6
1003733,1947,6.4
1003733,1948,6.6
1003733,1949,4.9
1003733,1950,4.4
1003733,1951,3.6
1003733,1952,0.3
1003733,1953,1.7
1013363,1983,2.1
1013363,1984,1.5
1013363,1985,3.4
1013363,1986,3.4
1013363,1987,5.1
1013363,1988,6.4
1013363,1989,3.0
1013363,1990,4.4
1013363,1991,3.7
1013363,1992,6.5
1013363,1993,1.3
1013363,1994,0.6
1013363,1995,0.4
87,1982,0.0
87,1983,1.1
87,1984,2.1
87,1985,1.6
87,1986,2.7
87,1987,3.1
87,1988,3.1
87,1989,5.5
87,1990,5.9
87,1991,5.9
87,1992,-0.3
87,1993,1.7
87,1994,3.1
87,1996,2.9
87,1997,0.5
87,1999,0.0
87,2001,0.8
87,2002,0.7
87,2003,0.2
87,2004,1.2
87,2005,0.5
87,2006,-0.1
87,2007,0.0
1009040,1978,2.2
1009040,1979,5.1
1009040,1980,3.7
1009040,1981,0.7
1009040,1982,5.6
1009040,1983,4.4
1009040,1984,-0.1
1009040,1985,3.5
1009040,1986,2.1
1009040,1987,6.0
1009040,1988,5.3
1009040,1989,5.1
1009040,1990,2.8
1009040,1991,5.2
1009040,1992,4.3
1009040,1993,4.8
1009040,1994,3.4
1009040,1995,1.0
1009040,1996,2.5
1009040,1997,0.7
1009040,1998,-0.8
1008082,1951,1.5
1008082,1952,6.6
1008082,1953,4.9
1008082,1954,6.7
1008082,1955,9.8
1008082,1956,11.5
1008082,1957,11.4
1008082,1958,8.8
1008082,1959,6.6
1008082,1960,6.9
1008082,1961,10.3
1008082,1962,6.0
1008082,1963,3.3
1008082,1964,5.5
1008082,1965,2.4
1008082,1966,3.4
1008082,1967,3.7
1008082,1968,2.8
1009386,1977,3.0
1009386,1978,4.3
1009386,1979,4.9
1009386,1980,4.3
1009386,1981,3.6
1009386,1982,5.8
1009386,1983,6.8
1009386,1984,6.8
1009386,1985,5.5
1009386,1986,4.1
1009386,1987,4.1
1009386,1988,3.6
1009386,1989,3.1
1009386,1990,5.9
1009386,1991,1.8
1009386,1992,2.0
1009386,1993,1.9
1009386,1994,-0.7
1009386,1995,2.6
1009386,1996,-0.4
1009386,1997,-0.8
1003271,1928,0.0
1003271,1929,2.9
1003271,1930,2.6
1003271,1931,3.8
1003271,1932,2.9
1003271,1933,4.5
1003271,1934,3.5
1003271,1935,2.5
1003271,1936,5.3
1003271,1937,6.7
1003271,1938,5.5
1003271,1939,5.3
1003271,1940,1.2
1003271,1941,2.8
1003271,1942,1.7
1003271,1943,4.0
1003271,1946,0.8
10155,2011,0.7
10155,2012,10.1
10155,2013,10.2
10155,2014,8.3
10155,2015,9.3
10155,2016,9.7
10155,2017,6.9
10155,2018,9.8
10155,2019,5.3
327,1989,2.5
327,1990,5.0
327,1991,6.9
327,1992,5.3
327,1993,8.4
327,1994,6.8
327,1995,3.3
327,1996,9.7
327,1997,9.0
327,1998,6.6
327,1999,4.9
327,2000,5.4
327,2001,1.8
327,2002,0.2
327,2003,1.5
327,2004,-0.2
327,2005,2.9
327,2006,-0.6
327,2007,-0.6
327,2008,-0.5
327,2009,0.1
327,2010,-0.9
409,1991,-0.1
409,1992,-0.3
409,1993,1.1
409,1994,1.8
409,1995,6.0
409,1996,7.4
409,1997,5.1
409,1998,3.3
409,1999,4.2
409,2000,4.4
409,2001,5.4
409,2002,7.3
409,2003,4.3
409,2004,4.1
409,2005,-0.1
409,2006,4.8
409,2007,3.4
409,2008,1.7
409,2009,0.8
409,2010,3.1
409,2011,1.0
409,2012,0.2
1007422,1926,2.8
1007422,1927,6.3
1007422,1928,4.6
1007422,1929,7.2
1007422,1930,3.3
1007422,1931,3.1
1007422,1932,5.2
1007422,1933,4.2
1007422,1934,3.6
1007422,1935,2.7
1007422,1936,2.9
1007422,1937,2.3
1007422,1938,1.0
1007422,1939,0.7
1004598,1923,0.4
1004598,1924,0.2
1004598,1925,3.1
1004598,1926,7.0
1004598,1927,12.5
1004598,1928,9.7
1004598,1929,7.3
1004598,1930,9.6
1004598,1931,9.2
1004598,1932,8.1
1004598,1933,7.2
1004598,1934,10.7
1004598,1935,8.7
1004598,1936,9.7
1004598,1937,8.5
1004598,1938,4.9
1004598,1939,-0.3
6195,2006,1.1
6195,2007,2.5
6195,2008,4.8
6195,2009,4.6
6195,2010,3.4
6195,2011,7.3
6195,2012,2.9
6195,2013,2.8
6195,2014,4.5
6195,2015,3.9
6195,2016,5.4
6195,2017,2.6
6195,2018,2.3
6195,2019,-0.1
1010021,1977,0.3
1010021,1978,0.9
1010021,1979,4.2
1010021,1980,3.9
1010021,1981,2.2
1010021,1982,5.2
1010021,1983,4.9
1010021,1984,3.0
1010021,1985,4.1
1010021,1986,3.4
1010021,1987,1.3
1010021,1988,1.0
1010021,1989,1.8
1010021,1990,4.6
1010021,1991,1.5
1010021,1992,0.5
1010021,1993,0.0
1010021,1994,0.4
1010021,1995,0.1
1014127,1973,0.2
1014127,1974,2.0
1014127,1975,2.8
1014127,1976,4.6
1014127,1977,3.9
1014127,1978,4.3
1014127,1979,7.8
1014127,1980,3.6
1014127,1981,2.7
1014127,1982,3.5
1014127,1983,3.0
1014127,1984,4.8
1014127,1985,3.0
1014127,1986,3.0
1014127,1987,1.7
1014127,1988,5.0
1014127,1990,0.2
1014127,1991,0.8
1014127,1992,3.8
1014127,1993,0.3
1014127,1994,-0.4
1014127,1995,-0.8
1008542,1891,0.0
1008542,1892,0.7
1008542,1893,4.1
1008542,1894,5.4
1008542,1895,5.8
1008542,1896,0.6
1008542,1897,4.5
1008542,1898,7.8
1008542,1899,9.0
1008542,1900,5.4
1008542,1901,3.8
1008542,1902,1.6
1008542,1903,0.0
1008542,1904,0.1
1008542,1905,0.0
1008542,1906,0.0
1000826,1967,-0.4
1000826,1968,4.5
1000826,1969,5.3
1000826,1970,7.9
1000826,1971,4.1
1000826,1972,9.2
1000826,1973,4.9
1000826,1974,8.0
1000826,1975,6.8
1000826,1976,4.8
1000826,1977,4.9
1000826,1978,4.0
1000826,1979,5.2
1000826,1980,3.2
1000826,1981,1.4
1000826,1982,0.0
1000826,1983,0.9
1013512,1931,0.0
1013512,1933,2.0
1013512,1934,-0.2
1013512,1935,-0.1
1013512,1936,0.4
1013512,1937,2.4
1013512,1938,1.7
1013512,1939,1.3
1013512,1940,3.1
1013512,1941,5.3
1013512,1942,2.7
1013512,1943,2.9
1013512,1944,5.8
1013512,1945,5.0
1013512,1946,4.1
1013512,1947,3.8
1013512,1948,1.6
1013512,1949,-0.2
1006747,1892,0.4
1006747,1893,0.2
1006747,1894,3.8
1006747,1895,6.0
1006747,1896,5.7
1006747,1897,7.4
1006747,1898,5.0
1006747,1899,5.2
1006747,1900,4.4
1006747,1901,3.3
1006747,1902,4.0
1006747,1903,1.9
1006747,1904,4.5
1006747,1905,2.5
1006747,1906,2.2
1006747,1907,-1.8
1006747,1908,0.5
1006747,1909,0.4
1006747,1910,0.1
1011217,1963,2.1
1011217,1964,0.7
1011217,1965,5.2
1011217,1966,3.7
1011217,1967,3.9
1011217,1968,5.5
1011217,1969,6.1
1011217,1970,5.0
1011217,1971,4.5
1011217,1972,6.2
1011217,1973,7.3
1011217,1974,5.6
1011217,1975,5.3
1011217,1976,7.4
1011217,1977,3.6
1011217,1978,3.5
1011217,1979,3.4
1011217,1980,0.3
1011217,1981,1.9
1011217,1982,0.1
1011217,1983,-1.9
1011217,1984,0.8
1011217,1985,0.8
1011217,1986,-0.8
1006301,1908,-0.4
1006301,1909,-0.1
1006301,1910,1.3
1006301,1911,9.3
1006301,1912,9.1
1006301,1913,7.5
1006301,1914,4.3
1006301,1915,3.2
1006301,1916,6.5
1006301,1917,5.4
1006301,1918,0.9
1006301,1919,5.7
1006301,1920,7.7
7435,2006,-0.8
7435,2007,-1.1
7435,2008,1.5
7435,2009,8.7
7435,2010,3.9
7435,2011,6.4
7435,2012,5.7
7435,2013,4.2
7435,2014,4.7
7435,2015,3.0
7435,2016,4.0
7435,2017,0.4
7435,2018,3.6
7435,2019,0.1
1011978,1924,1.2
1011978,1925,6.8
1011978,1926,5.2
1011978,1927,5.9
1011978,1928,4.5
1011978,1929,7.9
1011978,1930,7.6
1011978,1931,7.9
1011978,1932,4.6
1011978,1933,4.8
1011978,1934,4.7
1011978,1935,1.1
1011978,1936,3.1
1011978,1937,1.3
1011978,1938,2.5
1011978,1939,0.9
1011978,1940,0.2
1011978,1941,-0.3
1011978,1943,-0.6
1011978,1944,0.1
1000001,1954,1.2
1000001,1955,5.9
1000001,1956,6.9
1000001,1957,7.6
1000001,1958,6.8
1000001,1959,8.2
1000001,1960,7.0
1000001,1961,8.9
1000001,1962,8.1
1000001,1963,8.4
1000001,1964,6.8
1000001,1965,7.6
1000001,1966,6.9
1000001,1967,7.3
1000001,1968,7.1
1000001,1969,7.6
1000001,1970,5.2
1000001,1971,7.1
1000001,1972,4.3
1000001,1973,5.2
1000001,1974,2.1
1000001,1975,0.1
1000001,1976,0.2
8001,2005,0.0
8001,2006,4.4
8001,2007,5.2
8001,2008,7.4
8001,2009,7.1
8001,2010,4.1
8001,2011,0.9
8001,2012,2.9
8001,2013,4.9
8001,2014,3.7
8001,2015,-1.2
8001,2016,3.0
8001,2017,-0.5
8001,2018,-0.2
8001,2019,-0.2
1109,1986,3.3
1109,1987,5.3
1109,1988,5.4
1109,1989,7.1
1109,1990,9.9
1109,1991,7.8
1109,1992,9.6
1109,1993,10.5
1109,1994,6.0
1109,1995,7.7
1109,1996,9.2
1109,1997,8.9
1109,1998,8.5
1109,1999,3.3
1109,2000,7.6
1109,2001,12.5
1109,2002,12.7
1109,2003,10.2
1109,2004,11.9
1109,2005,0.7
1109,2006,3.2
1109,2007,3.2
1007750,1972,0.4
1007750,1973,3.5
1007750,1974,3.7
1007750,1975,5.1
1007750,1976,3.5
1007750,1977,4.8
1007750,1978,5.1
1007750,1979,4.6
1007750,1980,1.2
1007750,1981,0.5
1007750,1982,1.0
1007750,1983,2.4
1007750,1984,1.3
1007750,1985,2.2
1007750,1986,2.4
1007750,1987,0.1
1012440,1963,0.5
1012440,1964,-0.4
1012440,1965,1.6
1012440,1966,2.7
1012440,1967,4.7
1012440,1968,3.4
1012440,1969,6.1
1012440,1970,5.9
1012440,1971,5.7
1012440,1972,0.8
1012440,1973,2.6
1012440,1974,0.8
1012440,1975,3.1
1012440,1976,2.6
1012440,1977,1.4
1012440,1978,2.1
1012440,1979,0.4
1012440,1980,1.9
1012440,1981,1.3
1012440,1982,0.0
1012440,1983,0.5
1012440,1984,-0.1
1012440,1985,0.3
1001283,1955,0.9
1001283,1956,5.6
1001283,1957,2.3
1001283,1958,5.3
1001283,1959,5.9
1001283,1960,6.4
1001283,1961,7.1
1001283,1962,5.2
1001283,1963,5.0
1001283,1964,6.0
1001283,1965,0.9
1001283,1966,2.1
1001283,1967,1.6
1001283,1968,0.6
1001283,1969,-0.2
1000754,1888,2.6
1000754,1889,3.7
1000754,1890,4.5
1000754,1891,4.0
1000754,1892,3.5
1000754,1893,4.7
1000754,1894,3.9
1000754,1895,3.8
1000754,1896,1.8
1000754,1897,2.6
1000754,1898,2.3
1000754,1899,4.9
1000754,1900,3.9
1000754,1901,2.7
1000754,1902,3.8
1000754,1903,3.0
1000754,1904,4.3
1000754,1905,1.4
1000754,1906,0.4
1000754,1907,-0.7
1003355,1937,-0.5
1003355,1938,1.2
1003355,1939,2.5
1003355,1940,3.5
1003355,1941,2.1
1003355,1942,6.0
1003355,1943,5.2
1003355,1944,5.9
1003355,1946,5.9
1003355,1947,3.8
1003355,1948,5.3
1003355,1949,5.8
1003355,1950,3.9
1003355,1951,2.6
9368,2008,5.7
9368,2009,7.2
9368,2010,7.6
9368,2011,6.3
9368,2012,2.0
9368,2013,5.5
9368,2014,3.6
9368,2015,3.8
9368,2016,4.5
9368,2017,2.4
9368,2018,0.4
9368,2019,0.6
1001942,1967,2.9
1001942,1968,1.7
1001942,1969,5.0
1001942,1970,2.0
1001942,1971,1.8
1001942,1972,4.3
1001942,1973,6.3
1001942,1974,6.6
1001942,1975,7.1
1001942,1976,6.4
1001942,1977,8.6
1001942,1978,4.4
1001942,1979,2.2
1001942,1980,3.0
1001942,1981,2.6
1001942,1982,4.3
1001942,1983,2.2
1001942,1984,1.0
1001942,1985,0.1
1011411,1981,0.0
1011411,1982,2.2
1011411,1983,2.6
1011411,1984,8.0
1011411,1985,5.9
1011411,1986,3.0
1011411,1987,2.1
1011411,1988,4.2
1011411,1989,5.7
1011411,1990,6.3
1011411,1991,6.4
1011411,1992,7.4
1011411,1993,2.4
1011411,1994,0.9
1011411,1996,3.1
1011411,1997,0.7
1001554,1882,4.8
1001554,1883,3.5
1001554,1884,4.3
1001554,1885,6.0
1001554,1886,3.1
1001554,1887,7.1
1001554,1888,3.0
1001554,1889,0.1
1001554,1890,6.1
1001554,1891,3.3
1001554,1892,2.3
1001554,1893,1.9
1001554,1894,0.0
1002378,1905,0.1
1002378,1906,2.7
1002378,1907,7.0
1002378,1908,6.3
1002378,1909,9.7
1002378,1910,10.3
1002378,1911,11.0
1002378,1912,9.1
1002378,1913,7.2
1002378,1914,5.4
1002378,1915,9.8
1002378,1916,7.8
1002378,1917,11.5
1002378,1918,6.5
1002378,1919,5.8
1002378,1920,3.2
1002378,1921,6.6
1002378,1922,6.3
1002378,1923,5.1
1002378,1924,5.2
1002378,1925,5.4
1002378,1926,1.5
1002378,1927,4.2
1002378,1928,1.7
1004757,1879,-0.4
1004757,1880,1.6
1004757,1881,2.4
1004757,1882,4.6
1004757,1883,4.7
1004757,1884,5.8
1004757,1885,4.8
1004757,1886,6.5
1004757,1887,5.1
1004757,1888,2.6
1004757,1889,6.5
1004757,1890,6.7
1004757,1891,2.0
1004757,1892,2.3
1004757,1893,4.2
1004757,1894,0.6
1004757,1895,0.0
1005845,1872,-0.4
1005845,1873,0.4
1005845,1874,1.5
1005845,1875,2.6
1005845,1876,2.9
1005845,1877,0.0
1005845,1878,2.7
1005845,1879,4.5
1005845,1880,4.1
1005845,1881,2.4
1005845,1882,3.3
1005845,1883,3.4
1005845,1884,4.8
1005845,1885,1.8
1005845,1886,3.7
1005845,1887,2.3
1005845,1888,1.9
1005845,1889,2.7
1005845,1890,-0.9
1005845,1891,0.3
1006678,1953,0.0
1006678,1954,1.4
1006678,1955,7.3
1006678,1956,6.3
1006678,1957,4.7
1006678,1958,6.4
1006678,1959,6.2
1006678,1960,2.7
1006678,1961,7.7
1006678,1962,4.7
1006678,1963,4.7
1006678,1964,5.1
1006678,1965,2.9
1006678,1966,5.7
1006678,1967,7.0
1006678,1968,3.2
1006678,1969,2.4
1006678,1970,2.9
1006678,1971,3.6
1006678,1972,2.5
1006678,1973,0.6
1006678,1974,0.8
1011447,1960,0.6
1011447,1961,2.7
1011447,1962,0.1
1011447,1963,6.4
1011447,1964,8.7
1011447,1965,7.7
1011447,1966,8.5
1011447,1967,9.5
1011447,1968,6.1
1011447,1969,6.0
1011447,1970,4.4
1011447,1971,3.4
1011447,1972,5.3
1011447,1973,2.8
1011447,1974,-1.0
1008236,1952,2.6
1008236,1953,8.7
1008236,1954,7.9
1008236,1955,7.5
1008236,1956,5.4
1008236,1957,7.3
1008236,1958,5.8
1008236,1959,8.3
1008236,1960,7.7
1008236,1961,7.1
1008236,1962,5.7
1008236,1963,7.9
1008236,1964,4.2
1008236,1965,5.2
1008236,1966,3.1
1008236,1967,1.5
1008236,1968,0.3
1002841,1970,0.4
1002841,1971,1.4
1002841,1972,-0.4
1002841,1973,1.2
1002841,1974,0.9
1002841,1975,2.6
1002841,1976,4.3
1002841,1977,4.6
1002841,1978,4.8
1002841,1979,4.7
1002841,1980,4.4
1002841,1981,2.8
1002841,1982,2.2
1002841,1983,5.8
1002841,1984,5.6
1002841,1985,3.1
1002841,1986,2.5
1002841,1987,0.5
1002841,1988,-0.6
9847,2009,3.4
9847,2010,3.4
9847,2011,5.4
9847,2012,7.3
9847,2013,8.1
9847,2014,7.4
9847,2015,6.0
9847,2016,1.0
9847,2017,3.7
9847,2018,2.6
9847,2019,1.6
1012011,1970,0.9
1012011,1971,1.6
1012011,1972,2.8
1012011,1973,5.7
1012011,1974,1.8
1012011,1975,5.1
1012011,1976,3.1
1012011,1977,5.6
1012011,1978,4.5
1012011,1979,5.7
1012011,1980,4.2
1012011,1981,1.8
1012011,1982,0.9
1012011,1983,2.5
1012011,1984,-1.8
1005384,1969,0.0
1005384,1971,-0.3
1005384,1972,0.7
1005384,1973,2.1
1005384,1974,3.1
1005384,1975,6.9
1005384,1976,4.0
1005384,1977,5.5
1005384,1978,3.6
1005384,1979,2.6
1005384,1980,3.9
1005384,1981,1.4
1005384,1982,5.9
1005384,1983,2.4
1005384,1984,0.1
1005384,1985,4.1
1005384,1986,-0.1
1008559,1986,-0.3
1008559,1987,5.1
1008559,1988,3.5
1008559,1989,4.3
1008559,1990,5.7
1008559,1991,1.4
1008559,1992,6.3
1008559,1993,1.5
1008559,1994,1.2
1008559,1995,5.0
1008559,1996,7.3
1008559,1997,5.4
1008559,1998,8.5
1008559,1999,6.0
1008559,2000,4.6
1008559,2001,0.6
1005691,1926,3.2
1005691,1927,2.1
1005691,1928,3.4
1005691,1929,5.2
1005691,1930,7.7
1005691,1931,3.9
1005691,1932,6.6
1005691,1933,4.1
1005691,1934,1.9
1005691,1935,2.9
1005691,1936,1.7
1005691,1937,0.1
1005691,1945,0.1
1010978,1981,-0.4
1010978,1982,4.6
1010978,1983,8.5
1010978,1984,9.8
1010978,1985,5.4
1010978,1986,6.9
1010978,1987,3.5
1010978,1988,5.0
1010978,1989,5.8
1010978,1990,6.2
1010978,1991,10.6
1010978,1992,3.7
1010978,1993,3.7
1010978,1994,4.6
1010978,1995,4.1
1010978,1996,3.8
1010978,1997,1.6
1010978,1998,1.6
1010978,1999,2.9
1010978,2000,1.3
1010978,2001,-0.5
1002103,1958,3.0
1002103,1959,3.5
1002103,1960,3.6
1002103,1961,5.5
1002103,1962,3.3
1002103,1963,5.3
1002103,1964,4.6
1002103,1965,-0.2
1002103,1966,3.1
1002103,1967,6.8
1002103,1968,1.7
1002103,1969,3.1
1002103,1970,4.4
1002103,1971,1.0
1002103,1972,0.5
1002103,1973,1.5
1002103,1974,-0.4
1008719,1958,3.0
1008719,1959,3.5
1008719,1960,3.6
1008719,1961,5.5
1008719,1962,3.3
1008719,1963,5.3
1008719,1964,4.6
1008719,1965,-0.2
1008719,1966,3.1
1008719,1967,6.8
1008719,1968,1.7
1008719,1969,3.1
1008719,1970,4.4
1008719,1971,1.0
1008719,1972,0.5
1008719,1973,1.5
1008719,1974,-0.4
1003155,1888,0.3
1003155,1889,0.6
1003155,1890,0.8
1003155,1891,0.0
1003155,1892,4.6
1003155,1893,7.7
1003155,1894,6.0
1003155,1895,7.5
1003155,1896,7.7
1003155,1897,5.8
1003155,1898,6.4
1003155,1899,8.3
1003155,1900,2.8
1003155,1901,7.1
1003155,1902,7.0
1003155,1903,1.2
1010000,1973,1.1
1010000,1974,0.0
1010000,1975,6.5
1010000,1976,3.6
1010000,1977,7.7
1010000,1978,6.8
1010000,1979,5.7
1010000,1980,1.2
1010000,1981,0.0
1010000,1982,0.5
1010000,1983,0.2
1010000,1984,0.9
1010000,1985,5.4
1010000,1986,0.7
1010000,1987,-0.6
1010000,1988,0.4
1010000,1989,1.0
1010000,1990,1.2
1010000,1991,-1.2
185,1995,1.2
185,1996,-0.8
185,1997,1.6
185,1998,1.1
185,1999,4.3
185,2000,4.5
185,2001,1.9
185,2002,4.4
185,2003,2.4
185,2004,4.3
185,2005,2.7
185,2006,3.6
185,2007,2.4
185,2008,3.8
185,2009,3.6
185,2010,2.4
185,2011,1.5
185,2012,-0.3
1004281,1947,0.0
1004281,1948,-0.2
1004281,1949,0.8
1004281,1950,-0.7
1004281,1951,4.5
1004281,1952,3.1
1004281,1953,2.3
1004281,1954,4.8
1004281,1955,4.9
1004281,1956,2.0
1004281,1957,7.0
1004281,1958,3.3
1004281,1959,6.0
1004281,1960,4.0
1004281,1961,0.4
1004281,1962,1.2
1004281,1963,1.1
1004281,1964,0.8
1004281,1965,0.0
1004002,1983,0.0
1004002,1984,1.1
1004002,1985,4.1
1004002,1986,4.5
1004002,1987,4.8
1004002,1988,4.4
1004002,1989,3.6
1004002,1990,4.9
1004002,1991,2.5
1004002,1992,1.5
1004002,1993,3.1
1004002,1994,1.6
1004002,1995,0.5
1004002,1997,2.1
1004002,1998,2.5
1004002,1999,2.5
1004002,2001,-0.1
1012586,1880,2.5
1012586,1881,1.2
1012586,1882,1.9
1012586,1883,4.6
1012586,1884,5.1
1012586,1885,4.6
1012586,1886,4.6
1012586,1887,4.1
1012586,1888,6.9
1012586,1889,6.4
1012586,1890,5.1
1012586,1891,5.4
1012586,1892,1.5
1012586,1893,1.2
255,1990,2.4
255,1991,7.2
255,1992,7.1
255,1993,6.3
255,1994,7.0
255,1995,5.4
255,1996,6.1
255,1997,7.2
255,1998,3.0
255,1999,2.1
255,2000,5.9
255,2001,-0.1
255,2002,1.4
255,2003,4.2
255,2004,2.5
255,2005,0.4
255,2006,2.4
255,2007,1.8
255,2008,-0.3
1005078,1912,0.3
1005078,1913,2.5
1005078,1914,4.0
1005078,1915,5.5
1005078,1916,5.4
1005078,1917,6.9
1005078,1918,5.2
1005078,1919,5.6
1005078,1920,4.1
1005078,1921,2.9
1005078,1922,1.8
1005078,1923,3.3
1005078,1924,3.4
1005078,1925,-0.2
1005078,1926,-0.1
1005078,1927,0.0
1008099,1912,-0.4
1008099,1913,1.7
1008099,1914,4.7
1008099,1915,3.6
1008099,1916,4.5
1008099,1917,4.6
1008099,1918,0.2
1008099,1919,3.8
1008099,1920,2.4
1008099,1921,4.4
1008099,1922,1.9
1008099,1923,2.5
1008099,1924,3.4
1008099,1925,0.2
1008099,1926,0.5
1008099,1927,0.1
1008099,1928,1.3
1008099,1929,2.6
1008099,1930,1.3
1008099,1931,1.3
1008099,1932,-0.1
1008099,1933,-1.0
1008099,1935,-0.9
1000503,1915,4.0
1000503,1916,3.2
1000503,1917,3.3
1000503,1918,2.3
1000503,1919,1.2
1000503,1920,6.2
1000503,1921,7.6
1000503,1922,6.9
1000503,1923,4.1
1000503,1924,1.4
1000503,1925,4.9
1000503,1926,3.7
1000503,1927,-0.1
1000503,1928,1.0
1000503,1929,-0.3
1000503,1930,-0.2
3787,2004,2.3
3787,2005,5.8
3787,2006,4.7
3787,2007,8.4
3787,2008,7.0
3787,2009,3.2
3787,2010,3.4
3787,2011,1.7
3787,2012,6.6
3787,2013,5.6
3787,2014,1.6
3787,2015,1.0
3787,2016,0.7
3787,2018,0.0
1012230,1947,-0.3
1012230,1948,0.2
1012230,1949,5.0
1012230,1950,5.5
1012230,1951,3.7
1012230,1952,4.5
1012230,1953,8.8
1012230,1954,8.3
1012230,1955,7.7
1012230,1956,7.5
1012230,1957,5.2
1012230,1958,0.4
1012230,1959,2.3
1012230,1960,1.4
1012230,1961,2.1
1012230,1962,1.3
1012230,1963,0.7
1012230,1964,-0.6
1001918,1985,0.6
1001918,1986,2.9
1001918,1987,1.9
1001918,1988,7.6
1001918,1989,2.1
1001918,1990,5.2
1001918,1991,5.3
1001918,1992,2.5
1001918,1993,0.0
1001918,1994,2.7
1001918,1995,2.5
1001918,1996,3.0
1001918,1997,0.2
1001918,1998,1.3
1001918,1999,2.4
1001918,2000,0.9
1001918,2001,1.1
1013860,1871,0.5
1013860,1872,0.9
1013860,1873,2.4
1013860,1874,1.8
1013860,1875,4.3
1013860,1876,3.6
1013860,1877,3.3
1013860,1878,1.9
1013860,1879,3.4
1013860,1880,0.5
1013860,1881,0.9
1013860,1882,0.8
1013860,1883,0.8
1013860,1884,4.4
1013860,1885,1.7
1013860,1886,2.6
1013860,1887,2.3
1013860,1888,3.1
1013860,1889,0.2
1013860,1890,1.6
1003533,1888,1.2
1003533,1889,1.9
1003533,1890,5.9
1003533,1891,5.9
1003533,1892,3.8
1003533,1893,3.8
1003533,1894,7.5
1003533,1895,4.4
1003533,1896,1.9
1003533,1897,4.5
1003533,1898,3.4
1003533,1899,1.5
1003533,1900,0.9
1003533,1901,1.2
1003533,1904,0.2
1003533,1905,0.1
1003533,1906,0.0
1002288,1975,0.0
1002288,1976,0.6
1002288,1977,2.3
1002288,1978,5.7
1002288,1979,2.0
1002288,1980,4.1
1002288,1981,2.7
1002288,1982,3.9
1002288,1983,3.3
1002288,1984,2.4
1002288,1985,2.9
1002288,1986,1.6
1002288,1987,5.7
1002288,1988,2.8
1002288,1989,4.2
1002288,1990,4.3
1002288,1991,2.4
1002288,1992,-0.3
1201,2002,0.7
1201,2003,1.9
1201,2004,5.1
1201,2005,4.8
1201,2006,4.7
1201,2007,3.3
1201,2008,2.8
1201,2009,5.9
1201,2010,7.8
1201,2011,0.0
1201,2012,0.3
1201,2013,2.2
1201,2014,2.4
1201,2015,0.4
1201,2016,-0.7
1003876,1902,0.3
1003876,1903,1.9
1003876,1904,3.6
1003876,1905,2.1
1003876,1906,3.8
1003876,1907,5.0
1003876,1908,5.8
1003876,1909,4.4
1003876,1910,4.1
1003876,1911,0.9
1003876,1912,6.0
1003876,1913,3.3
1003876,1914,4.7
1003876,1915,1.6
1003876,1916,0.6
1003876,1917,1.1
1003876,1922,0.0
1003876,1929,0.0
1003088,1960,0.7
1003088,1961,2.4
1003088,1962,5.2
1003088,1963,2.3
1003088,1964,6.7
1003088,1965,2.1
1003088,1966,2.5
1003088,1967,1.6
1003088,1968,2.2
1003088,1969,4.5
1003088,1970,4.4
1003088,1971,4.6
1003088,1972,5.5
1003088,1973,3.9
1003088,1974,2.5
1003088,1975,1.6
1003088,1976,1.3
1003088,1979,-0.3
1002748,1899,0.4
1002748,1900,1.7
1002748,1901,4.2
1002748,1902,4.7
1002748,1903,5.2
1002748,1904,2.4
1002748,1905,4.9
1002748,1906,3.3
1002748,1907,5.9
1002748,1908,5.1
1002748,1909,5.6
1002748,1910,3.1
1002748,1911,5.9
1002748,1912,3.6
1002748,1913,4.5
1002748,1914,5.8
1002748,1915,4.0
1002748,1916,1.4
1002748,1917,-0.6
1002318,1986,1.8
1002318,1987,4.1
1002318,1988,5.7
1002318,1989,8.1
1002318,1990,3.2
1002318,1991,5.1
1002318,1992,3.7
1002318,1993,1.9
1002318,1994,2.9
1002318,1995,2.6
1002318,1996,1.8
1002318,1997,3.2
1002318,1998,2.8
1002318,1999,1.4
1002318,2000,3.8
1153,1993,-0.2
1153,1994,1.0
1153,1995,5.3
1153,1996,5.0
1153,1997,4.0
1153,1998,4.0
1153,1999,0.4
1153,2000,6.5
1153,2001,6.2
1153,2002,6.7
1153,2003,6.3
1153,2004,8.3
1153,2005,6.1
1153,2006,1.7
1153,2007,0.5
1153,2008,0.3
1153,2010,2.3
1005166,1982,1.0
1005166,1983,1.4
1005166,1984,6.3
1005166,1985,4.2
1005166,1986,6.2
1005166,1987,7.4
1005166,1988,3.0
1005166,1989,2.4
1005166,1990,2.8
1005166,1991,5.1
1005166,1992,4.4
1005166,1993,3.3
1005166,1994,4.0
1005166,1995,2.3
1005166,1996,3.0
1005166,1997,4.2
1005166,1998,1.2
1005166,1999,2.1
1005166,2000,0.2
1005166,2001,0.5
1002924,1891,3.5
1002924,1892,5.7
1002924,1893,2.8
1002924,1894,4.6
1002924,1895,2.9
1002924,1896,7.4
1002924,1897,2.9
1002924,1898,6.0
1002924,1899,4.9
1002924,1900,3.6
1002924,1901,3.6
1002924,1902,3.9
1002924,1903,5.3
1002924,1904,5.9
1002924,1905,5.7
1002924,1906,3.3
1002924,1907,0.8
1002924,1908,4.1
1002924,1909,0.7
1002924,1910,-0.1
1002924,1911,-0.1
432,1997,-0.1
432,1998,2.9
432,1999,3.0
432,2000,8.3
432,2001,7.1
432,2002,5.5
432,2003,6.6
432,2004,7.0
432,2005,4.1
432,2006,1.9
432,2007,4.2
432,2008,0.6
432,2009,2.6
432,2010,-0.6
432,2011,2.3
432,2012,0.0
432,2013,-0.5
1007965,1904,1.5
1007965,1905,5.5
1007965,1906,5.7
1007965,1907,6.9
1007965,1908,5.2
1007965,1909,3.8
1007965,1910,7.5
1007965,1911,3.5
1007965,1912,2.7
1007965,1913,3.6
1007965,1914,5.6
1007965,1915,4.6
1007965,1916,1.6
1007965,1917,2.3
1007965,1918,2.9
1007965,1919,0.4
1011327,1914,0.0
1011327,1915,1.4
1011327,1916,0.9
1011327,1917,1.5
1011327,1918,5.2
1011327,1919,9.4
1011327,1920,13.3
1011327,1921,13.9
1011327,1922,6.5
1011327,1923,15.0
1011327,1924,12.5
1011327,1925,3.6
1011327,1926,12.0
1011327,1927,13.0
1011327,1928,10.6
1011327,1929,7.8
1011327,1930,10.5
1011327,1931,10.7
1011327,1932,8.7
1011327,1933,6.7
1011327,1934,5.2
1011327,1935,0.2
372,1987,2.7
372,1988,5.2
372,1989,3.2
372,1990,3.3
372,1991,1.8
372,1992,0.7
372,1993,2.7
372,1994,1.2
372,1995,0.2
372,1996,7.2
372,1997,1.7
372,1998,1.6
372,1999,2.9
372,2000,4.4
372,2001,2.5
372,2002,3.1
372,2003,0.6
372,2004,-0.2
1000799,1972,1.5
1000799,1973,3.6
1000799,1974,2.9
1000799,1975,2.5
1000799,1976,3.6
1000799,1977,3.4
1000799,1978,3.7
1000799,1979,6.7
1000799,1980,6.0
1000799,1981,5.5
1000799,1982,5.3
1000799,1983,4.2
1000799,1984,6.5
1000799,1985,0.9
1000799,1986,3.4
1000799,1987,2.2
1000799,1988,0.3
1000799,1989,-0.5
1010776,1940,2.3
1010776,1941,2.1
1010776,1942,5.5
1010776,1946,5.6
1010776,1947,6.2
1010776,1948,4.4
1010776,1949,6.8
1010776,1950,3.6
1010776,1951,4.3
1010776,1952,4.5
1010776,1953,4.4
1010776,1954,5.8
1010776,1955,4.0
1010776,1956,1.6
1010776,1957,0.3
1010776,1958,-0.1
1006030,1915,-0.3
1006030,1916,5.3
1006030,1917,9.5
1006030,1918,5.1
1006030,1919,6.3
1006030,1920,9.8
1006030,1921,11.2
1006030,1922,10.6
1006030,1923,7.1
1006030,1924,12.5
1006030,1925,10.8
1006030,1926,4.6
1006030,1927,10.4
1006030,1928,9.0
1006030,1929,11.1
1006030,1930,0.4
1006030,1931,5.2
1006030,1932,0.1
1006030,1933,1.2
1006030,1934,0.3
1006030,1935,-0.1
1006030,1936,0.0
1006030,1937,0.1
1013377,1932,3.7
1013377,1933,6.5
1013377,1934,7.0
1013377,1935,9.6
1013377,1936,7.5
1013377,1937,4.9
1013377,1938,8.5
1013377,1939,5.0
1013377,1940,6.1
1013377,1941,4.3
1013377,1942,2.3
1013377,1943,5.0
1013377,1947,1.6
1013377,1948,0.4
1012927,1923,0.0
1012927,1924,0.1
1012927,1925,2.8
1012927,1926,1.3
1012927,1927,5.4
1012927,1928,4.4
1012927,1929,5.4
1012927,1930,8.2
1012927,1931,6.3
1012927,1932,7.2
1012927,1933,3.8
1012927,1934,5.9
1012927,1935,4.9
1012927,1936,1.4
1003091,1976,-0.5
1003091,1977,3.5
1003091,1978,4.0
1003091,1979,3.7
1003091,1980,6.0
1003091,1981,6.7
1003091,1982,7.3
1003091,1983,6.5
1003091,1984,2.6
1003091,1985,2.1
1003091,1986,2.4
1003091,1987,3.5
1003091,1988,4.2
1003091,1989,2.0
1003091,1990,2.3
1003091,1991,2.5
1003091,1992,2.7
1003091,1993,-0.4
1003091,1994,-0.7
1003091,1995,-0.7
1003091,1996,-0.2
1013357,1887,-0.6
1013357,1888,1.8
1013357,1889,2.9
1013357,1890,2.6
1013357,1891,4.1
1013357,1892,3.1
1013357,1893,3.5
1013357,1894,2.1
1013357,1895,3.2
1013357,1896,4.4
1013357,1897,3.3
1013357,1898,4.0
1013357,1899,2.2
1013357,1900,3.6
1013357,1901,3.9
1013357,1902,0.6
1013357,1903,0.0
411,1989,0.1
411,1990,1.5
411,1991,1.9
411,1992,3.4
411,1993,1.7
411,1994,0.7
411,1995,1.4
411,1996,3.2
411,1997,2.7
411,1998,3.4
411,1999,6.0
411,2000,2.5
411,2001,0.1
411,2002,3.3
411,2003,1.0
411,2004,3.2
411,2005,2.3
411,2006,3.3
411,2007,2.0
411,2008,-0.9
411,2009,0.9
411,2010,0.0
411,2011,-0.4
411,2012,-0.9
1002141,1930,2.4
1002141,1931,6.1
1002141,1932,4.5
1002141,1933,4.7
1002141,1934,4.0
1002141,1935,3.2
1002141,1936,4.1
1002141,1937,3.0
1002141,1938,3.7
1002141,1939,2.7
1002141,1940,3.0
1002141,1941,-0.3
1002141,1944,0.5
1002141,1945,-0.3
1002141,1946,0.0
1004996,1930,0.0
1004996,1933,2.8
1004996,1934,6.5
1004996,1935,7.6
1004996,1936,0.6
1004996,1937,8.3
1004996,1938,7.8
1004996,1939,5.9
1004996,1940,7.7
1004996,1941,0.3
1004996,1945,3.2
1004996,1946,7.2
1004996,1947,3.2
1007093,1907,1.7
1007093,1908,3.3
1007093,1909,4.7
1007093,1910,5.2
1007093,1911,5.3
1007093,1912,4.2
1007093,1913,3.8
1007093,1914,1.8
1007093,1915,6.2
1007093,1916,3.7
1007093,1917,2.9
1007093,1918,-0.2
1007093,1919,2.4
1007093,1920,2.8
1007093,1921,1.7
1005692,1931,0.4
1005692,1932,3.9
1005692,1933,3.1
1005692,1934,2.9
1005692,1935,7.3
1005692,1936,6.8
1005692,1937,5.7
1005692,1938,3.4
1005692,1939,4.1
1005692,1940,3.0
1005692,1941,3.3
1005692,1942,3.0
1005692,1943,4.9
1005692,1946,3.5
1005692,1947,-0.2
1014083,1923,-0.1
1014083,1924,2.5
1014083,1925,-0.2
1014083,1926,5.7
1014083,1927,6.6
1014083,1928,5.5
1014083,1929,6.6
1014083,1930,8.0
1014083,1931,1.4
1014083,1932,3.5
1014083,1933,1.7
1014083,1934,0.8
1012911,1969,-0.2
1012911,1970,1.5
1012911,1971,2.0
1012911,1972,0.7
1012911,1973,4.5
1012911,1974,4.5
1012911,1975,5.6
1012911,1976,3.9
1012911,1977,4.6
1012911,1978,4.8
1012911,1979,5.4
1012911,1980,3.9
1012911,1981,1.6
1012911,1982,2.1
1012911,1983,-0.1
1004596,1924,0.1
1004596,1925,-0.1
1004596,1926,0.5
1004596,1927,3.7
1004596,1928,4.0
1004596,1929,5.1
1004596,1930,6.1
1004596,1931,1.5
1004596,1932,4.8
1004596,1933,7.3
1004596,1934,8.5
1004596,1935,7.3
1004596,1936,7.6
1004596,1937,7.4
1004596,1938,5.2
1004596,1939,4.8
1004596,1940,3.9
1004596,1941,0.6
1004596,1942,0.2
1873,2004,1.3
1873,2005,2.6
1873,2006,3.5
1873,2007,6.9
1873,2008,5.9
1873,2009,5.4
1873,2010,6.1
1873,2011,4.4
1873,2012,4.6
1873,2013,4.0
1873,2014,3.2
1873,2015,0.9
1873,2016,0.8
1873,2017,-0.1
1873,2018,0.1
1011055,1955,-0.5
1011055,1956,0.0
1011055,1957,0.4
1011055,1958,0.5
1011055,1959,2.2
1011055,1960,4.9
1011055,1961,4.1
1011055,1962,6.3
1011055,1963,2.7
1011055,1964,8.1
1011055,1965,5.2
1011055,1966,4.6
1011055,1967,7.6
1011055,1968,7.1
1011055,1969,4.1
1011055,1970,3.9
1011055,1971,5.8
1011055,1972,3.7
1011055,1973,3.9
1011055,1974,5.0
1011055,1975,1.1
1011055,1976,-0.2
1011055,1977,-0.1
1002100,1970,1.2
1002100,1971,1.3
1002100,1972,7.8
1002100,1973,7.1
1002100,1974,5.6
1002100,1975,4.0
1002100,1976,5.3
1002100,1977,4.5
1002100,1978,2.0
1002100,1979,2.2
1002100,1980,4.8
1002100,1981,0.6
1002100,1982,0.9
1002100,1983,0.2
1002100,1984,0.9
1002100,1985,1.6
1002100,1986,-0.4
1006905,1954,0.0
1006905,1955,0.1
1006905,1956,-0.4
1006905,1957,0.2
1006905,1958,-0.2
1006905,1959,4.0
1006905,1960,3.3
1006905,1961,6.4
1006905,1962,3.3
1006905,1963,4.6
1006905,1964,4.8
1006905,1965,4.2
1006905,1966,6.0
1006905,1967,7.0
1006905,1968,2.3
1006905,1969,7.1
1006905,1970,5.5
1006905,1971,3.9
1006905,1972,3.4
1006905,1973,0.7
1006905,1974,-0.1
1006905,1975,-0.2
1001868,1964,-0.1
1001868,1965,1.5
1001868,1966,2.4
1001868,1967,1.6
1001868,1968,6.0
1001868,1969,2.9
1001868,1970,5.6
1001868,1971,2.8
1001868,1972,4.1
1001868,1973,4.3
1001868,1974,4.6
1001868,1975,2.8
1001868,1976,4.0
1001868,1977,3.0
1001868,1978,-0.6
1001868,1979,-0.2
1001868,1980,-0.1
1001868,1981,0.0
1001868,1983,0.2
1000453,1908,0.3
1000453,1909,5.9
1000453,1910,4.8
1000453,1911,6.5
1000453,1912,9.1
1000453,1913,7.9
1000453,1914,6.4
1000453,1916,3.7
1000453,1917,4.1
1000453,1918,4.5
1000453,1919,3.7
1000453,1921,2.3
1000453,1922,0.9
1014040,1939,7.1
1014040,1940,6.7
1014040,1941,11.0
1014040,1942,11.6
1014040,1946,11.8
1014040,1947,10.5
1014040,1948,8.5
1014040,1949,9.9
1014040,1950,4.3
1014040,1951,7.1
1014040,1952,0.3
1014040,1953,2.3
1014040,1954,8.4
1014040,1955,7.1
1014040,1956,6.3
1014040,1957,9.7
1014040,1958,4.5
1014040,1959,0.0
1014040,1960,3.4
1010900,1915,0.0
1010900,1916,1.2
1010900,1917,3.7
1010900,1918,0.2
1010900,1919,3.9
1010900,1920,4.5
1010900,1921,3.9
1010900,1922,2.1
1010900,1923,4.1
1010900,1924,4.5
1010900,1925,4.4
1010900,1926,3.3
1010900,1927,1.5
1010900,1928,3.0
1010900,1929,2.8
1010900,1930,4.6
1010900,1931,1.5
1010900,1932,1.4
1010900,1933,-0.5
1010900,1934,0.0
1006991,1928,2.1
1006991,1929,5.2
1006991,1930,6.4
1006991,1931,4.6
1006991,1932,6.9
1006991,1933,7.5
1006991,1934,3.4
1006991,1935,3.1
1006991,1936,2.4
1006991,1937,1.8
1006991,1938,-0.5
1006991,1939,1.5
1006991,1940,-0.2
1006991,1941,-0.6
1006991,1942,-0.2
1006991,1943,-0.4
1006991,1944,-0.1
1002340,1955,-0.9
1002340,1956,1.8
1002340,1957,1.5
1002340,1958,3.7
1002340,1959,1.9
1002340,1960,3.4
1002340,1961,5.3
1002340,1962,3.6
1002340,1963,4.6
1002340,1964,6.1
1002340,1965,6.0
1002340,1966,7.1
1002340,1967,7.7
1002340,1968,6.7
1002340,1969,7.0
1002340,1970,4.7
1002340,1971,6.5
1002340,1972,4.0
1275,1991,0.7
1275,1992,2.3
1275,1993,2.4
1275,1994,3.0
1275,1995,3.0
1275,1996,5.6
1275,1997,6.2
1275,1998,6.4
1275,1999,6.8
1275,2000,4.7
1275,2001,5.0
1275,2002,3.3
1275,2003,4.5
1275,2004,4.7
1275,2005,3.2
1275,2006,2.9
1275,2007,1.5
1275,2008,0.9
1275,2009,0.0
1275,2010,2.0
1275,2011,0.4
893,1992,0.0
893,1993,7.4
893,1994,3.8
893,1995,6.0
893,1996,6.6
893,1997,9.1
893,1998,6.6
893,1999,4.5
893,2000,5.8
893,2001,4.6
893,2002,4.6
893,2003,1.6
893,2004,0.5
893,2005,0.9
893,2006,1.9
893,2007,-0.3
190,1996,0.1
190,1997,6.4
190,1998,7.3
190,1999,6.3
190,2000,7.6
190,2001,0.3
190,2002,4.8
190,2003,5.8
190,2004,1.5
190,2005,0.3
190,2006,2.0
190,2007,-1.0
190,2008,0.2
190,2009,-0.1
1010557,1984,3.3
1010557,1985,2.8
1010557,1986,5.3
1010557,1987,3.8
1010557,1988,7.1
1010557,1989,4.7
1010557,1990,2.4
1010557,1991,3.8
1010557,1992,5.9
1010557,1993,0.3
1010557,1994,3.1
1010557,1995,2.1
1003005,1910,3.0
1003005,1911,3.9
1003005,1912,3.6
1003005,1913,4.3
1003005,1914,3.3
1003005,1915,3.9
1003005,1916,4.0
1003005,1917,1.2
1003005,1918,3.1
1003005,1919,2.0
1003005,1920,3.4
1003005,1921,1.2
1003005,1922,4.5
1003005,1923,1.4
1003005,1924,0.7
1002478,1924,0.4
1002478,1925,3.7
1002478,1926,2.4
1002478,1927,6.8
1002478,1928,4.5
1002478,1929,4.5
1002478,1930,5.0
1002478,1931,4.1
1002478,1932,4.7
1002478,1933,2.4
1002478,1934,2.1
1002478,1935,0.7
1000278,1956,1.5
1000278,1957,2.8
1000278,1958,3.6
1000278,1959,2.8
1000278,1960,5.0
1000278,1961,2.8
1000278,1962,1.3
1000278,1963,2.4
1000278,1964,4.4
1000278,1965,3.3
1000278,1966,3.8
1000278,1967,0.5
1000278,1968,3.6
1000278,1969,4.6
1000278,1970,3.9
1000278,1971,-0.8
1000278,1972,1.1
1000278,1973,2.4
1001486,1879,0.2
1001486,1880,-0.1
1001486,1881,2.4
1001486,1882,5.8
1001486,1883,5.7
1001486,1884,5.1
1001486,1885,4.9
1001486,1886,8.3
1001486,1887,5.2
1001486,1888,6.4
1001486,1889,6.1
1001486,1890,4.4
1001486,1891,6.3
1001486,1892,9.2
1001486,1893,3.8
1001486,1894,3.9
1001486,1895,0.3
1001486,1896,1.9
1001486,1904,-0.1
1012992,1899,5.6
1012992,1900,3.8
1012992,1901,4.7
1012992,1902,3.8
1012992,1903,5.3
1012992,1904,5.2
1012992,1905,5.8
1012992,1906,3.9
1012992,1907,2.8
1012992,1908,2.6
1012992,1909,0.9
1012992,1910,-0.3
1012992,1911,-0.1
1006314,1922,-0.2
1006314,1923,2.3
1006314,1924,4.0
1006314,1925,1.1
1006314,1926,4.5
1006314,1927,5.2
1006314,1928,5.6
1006314,1929,6.4
1006314,1930,5.3
1006314,1931,5.4
1006314,1932,0.6
1006314,1933,0.2
1006314,1934,3.8
1006314,1935,2.8
1006314,1936,-1.1
1274,1994,-0.3
1274,1995,-0.3
1274,1996,9.2
1274,1997,4.3
1274,1998,7.9
1274,1999,4.7
1274,2000,9.5
1274,2001,7.8
1274,2002,10.0
1274,2003,9.2
1274,2004,6.6
1274,2005,9.1
1274,2006,3.8
1274,2007,9.6
1274,2008,5.9
1274,2009,4.1
1274,2010,4.0
1274,2011,4.0
1274,2012,2.5
1274,2013,0.6
1274,2015,2.7
1274,2016,-1.1
1736,2003,2.2
1736,2004,0.5
1736,2005,1.7
1736,2006,5.7
1736,2007,5.6
1736,2008,5.8
1736,2009,0.7
1736,2010,2.4
1736,2011,5.8
1736,2012,3.8
1736,2013,2.5
1736,2014,3.8
1736,2015,0.7
1736,2016,1.5
1736,2017,2.0
1736,2018,-0.9
1736,2019,0.2
1013157,1977,-0.6
1013157,1978,2.7
1013157,1979,0.4
1013157,1980,4.3
1013157,1981,3.6
1013157,1982,3.7
1013157,1983,5.6
1013157,1984,6.9
1013157,1985,3.2
1013157,1986,5.7
1013157,1987,7.7
1013157,1988,5.3
1013157,1989,3.0
1013157,1990,6.2
1013157,1991,2.5
1013157,1992,0.9
1013157,1993,3.6
1013157,1994,-0.2
1013157,1995,0.7
1013157,1996,-1.3
778,1996,-0.1
778,1997,1.5
778,1998,6.7
778,1999,4.5
778,2000,6.2
778,2001,4.8
778,2002,7.1
778,2003,3.0
778,2004,5.9
778,2005,5.3
778,2006,3.5
778,2007,3.2
778,2008,1.9
778,2009,0.5
778,2010,1.1
778,2011,-0.6
1004893,1921,0.2
1004893,1922,1.4
1004893,1923,2.3
1004893,1924,6.4
1004893,1925,6.5
1004893,1926,6.7
1004893,1927,5.1
1004893,1928,7.3
1004893,1929,2.7
1004893,1930,5.1
1004893,1931,5.4
1004893,1932,3.1
1004893,1933,3.3
1004893,1934,2.7
1004893,1935,1.9
1004893,1936,3.9
1004893,1937,0.3
1004893,1938,-0.3
1014313,1963,0.0
1014313,1964,-0.3
1014313,1965,6.4
1014313,1966,2.9
1014313,1967,4.9
1014313,1968,5.3
1014313,1969,6.7
1014313,1970,4.3
1014313,1971,0.1
1014313,1972,5.2
1014313,1973,3.3
1014313,1974,7.4
1014313,1975,5.0
1014313,1976,2.5
1014313,1977,-0.9
1006396,1891,1.1
1006396,1892,1.3
1006396,1893,-1.2
1006396,1894,5.4
1006396,1895,8.2
1006396,1896,8.8
1006396,1897,7.5
1006396,1898,8.0
1006396,1899,2.1
1006396,1900,1.2
1006396,1901,1.3
1006396,1902,1.3
1006396,1903,0.0
1006396,1907,-0.1
1006396,1909,0.1
1006396,1912,0.0
1006396,1918,0.0
1002455,1895,1.5
1002455,1896,2.1
1002455,1897,5.5
1002455,1898,6.7
1002455,1899,4.1
1002455,1900,3.6
1002455,1901,6.8
1002455,1902,4.8
1002455,1903,5.3
1002455,1904,5.0
1002455,1905,4.0
1002455,1906,0.8
1002455,1907,2.6
1002455,1908,-0.1
1003881,1880,-0.1
1003881,1881,1.5
1003881,1882,2.7
1003881,1883,4.5
1003881,1884,4.5
1003881,1885,3.8
1003881,1886,2.8
1003881,1887,3.0
1003881,1888,4.7
1003881,1889,4.4
1003881,1890,4.2
1003881,1891,0.5
1003881,1892,4.6
1003881,1893,3.8
1003881,1894,-0.3
1003881,1895,2.1
1003881,1896,1.5
1003881,1897,0.0
1006768,1939,4.9
1006768,1940,5.6
1006768,1941,7.3
1006768,1942,7.3
1006768,1943,7.1
1006768,1945,2.6
1006768,1946,6.6
1006768,1947,1.9
1006768,1948,1.1
1006768,1949,0.5
1006768,1950,0.7
1006768,1951,0.5
1006768,1952,0.0
1009405,1941,0.6
1009405,1942,5.5
1009405,1943,9.9
1009405,1944,9.3
1009405,1946,8.8
1009405,1947,4.5
1009405,1948,11.1
1009405,1949,9.2
1009405,1950,6.6
1009405,1951,8.6
1009405,1952,7.8
1009405,1953,7.5
1009405,1954,7.3
1009405,1955,5.8
1009405,1956,4.8
1009405,1957,6.1
1009405,1958,4.0
1009405,1959,0.4
1009405,1960,1.7
1009405,1961,2.3
1009405,1962,4.0
1009405,1963,1.2
826,1995,-0.4
826,1996,2.2
826,1997,4.0
826,1998,6.2
826,1999,7.4
826,2000,3.7
826,2001,4.2
826,2002,5.2
826,2003,4.1
826,2004,4.7
826,2005,4.4
826,2006,6.1
826,2007,3.6
826,2008,3.4
826,2009,6.7
826,2010,2.4
826,2011,2.2
826,2012,3.3
826,2013,-0.5
826,2014,0.2
1009517,1967,0.0
1009517,1968,0.5
1009517,1969,1.0
1009517,1970,4.8
1009517,1971,7.4
1009517,1972,4.0
1009517,1973,5.3
1009517,1974,4.4
1009517,1975,4.6
1009517,1976,8.1
1009517,1977,5.4
1009517,1978,6.0
1009517,1979,2.8
1009517,1980,1.4
1009517,1981,2.3
1009517,1982,0.7
1009517,1983,2.5
1009517,1984,2.0
1009517,1985,3.0
1009517,1986,0.2
1009517,1987,-0.2
1009517,1988,-0.6
1281,2003,1.7
1281,2004,4.2
1281,2005,5.9
1281,2006,3.5
1281,2007,4.4
1281,2008,6.9
1281,2009,5.2
1281,2010,3.5
1281,2011,4.3
1281,2012,2.7
1281,2013,-0.1
1281,2014,0.7
1281,2015,2.9
1281,2016,-1.0
1004149,1909,-0.5
1004149,1910,-0.4
1004149,1911,3.8
1004149,1912,3.2
1004149,1913,4.9
1004149,1914,4.3
1004149,1915,3.5
1004149,1916,6.0
1004149,1917,6.6
1004149,1918,4.3
1004149,1919,4.7
1004149,1920,3.7
1004149,1922,1.1
1009014,1936,4.3
1009014,1937,6.4
1009014,1938,6.6
1009014,1939,7.7
1009014,1940,7.2
1009014,1941,5.4
1009014,1942,5.8
1009014,1946,6.0
1009014,1947,6.8
1009014,1948,6.2
1009014,1949,2.2
1009014,1950,2.0
1009014,1951,0.9
1009014,1952,0.6
1009014,1953,0.4
1003049,1890,1.6
1003049,1891,3.1
1003049,1892,2.6
1003049,1893,6.0
1003049,1894,5.5
1003049,1895,4.4
1003049,1896,4.7
1003049,1897,7.1
1003049,1898,4.0
1003049,1899,5.0
1003049,1900,4.1
1003049,1901,4.6
1003049,1902,6.1
1003049,1903,-0.1
1003049,1904,6.6
1003049,1905,6.9
1003049,1906,6.1
1003049,1907,4.3
1003049,1908,2.1
1003049,1909,-0.1
8370,2006,-1.0
8370,2007,3.7
8370,2008,6.4
8370,2009,4.7
8370,2010,3.3
8370,2011,7.9
8370,2012,4.3
8370,2013,4.9
8370,2014,3.8
8370,2015,2.3
8370,2016,4.9
8370,2017,1.9
8370,2018,-0.1
8370,2019,-0.4
1297,1993,0.0
1297,1994,-0.5
1297,1995,-0.7
1297,1996,1.6
1297,1997,1.8
1297,1998,5.7
1297,1999,3.6
1297,2000,7.4
1297,2001,4.0
1297,2002,4.3
1297,2003,5.3
1297,2004,2.4
1297,2005,3.3
1297,2006,2.8
1297,2007,0.5
1297,2008,2.4
1297,2009,0.4
1004364,1919,0.2
1004364,1920,2.9
1004364,1921,7.2
1004364,1922,4.9
1004364,1923,7.5
1004364,1924,7.5
1004364,1925,4.0
1004364,1926,4.8
1004364,1927,9.7
1004364,1928,4.5
1004364,1929,3.6
1004364,1930,5.4
1004364,1931,4.1
1004364,1932,1.2
1004364,1933,2.9
1004364,1934,3.0
1004364,1935,1.6
1004364,1936,-0.1
1004364,1937,-0.1
3269,2005,0.2
3269,2006,2.4
3269,2007,4.7
3269,2008,0.1
3269,2009,3.7
3269,2010,6.5
3269,2011,5.2
3269,2012,7.4
3269,2013,5.9
3269,2014,5.6
3269,2015,2.8
3269,2016,6.3
3269,2017,3.2
3269,2018,2.9
3269,2019,-0.3
261,1990,-0.2
261,1992,2.7
261,1993,3.0
261,1994,4.7
261,1995,1.5
261,1996,2.0
261,1997,3.3
261,1998,6.8
261,2000,3.2
261,2001,3.6
261,2002,1.4
261,2003,3.4
261,2004,5.9
261,2005,3.3
261,2006,1.3
261,2007,1.9
261,2008,0.2
1001234,1938,0.0
1001234,1939,0.9
1001234,1940,6.5
1001234,1941,4.5
1001234,1942,4.7
1001234,1943,7.5
1001234,1944,8.3
1001234,1945,3.7
1001234,1946,3.9
1001234,1947,7.3
1001234,1948,10.9
1001234,1949,3.7
1001234,1950,1.0
1001234,1951,1.5
1001234,1952,-0.1
1010188,1964,-0.3
1010188,1965,0.8
1010188,1966,-0.2
1010188,1967,3.6
1010188,1968,5.2
1010188,1969,6.3
1010188,1970,8.2
1010188,1971,4.9
1010188,1972,4.5
1010188,1973,5.7
1010188,1974,3.3
1010188,1975,3.6
1010188,1976,2.8
1010188,1977,2.9
1010188,1978,3.2
1010188,1979,1.2
1010188,1980,0.9
1010188,1981,0.6
1010188,1982,0.2
1010188,1983,0.4
1010188,1984,-0.4
1010188,1985,1.5
1010188,1986,-0.1
1013862,1985,0.1
1013862,1986,0.5
1013862,1987,4.6
1013862,1988,2.4
1013862,1989,3.5
1013862,1990,0.8
1013862,1991,6.4
1013862,1992,5.9
1013862,1993,5.4
1013862,1994,2.1
1013862,1995,1.2
1013862,1996,3.2
1013862,1997,1.3
1013862,1998,3.7
1013862,1999,0.5
1013862,2000,-0.3
1013862,2001,0.8
1013024,1885,2.3
1013024,1886,4.1
1013024,1887,5.5
1013024,1888,1.7
1013024,1889,1.8
1013024,1890,2.7
1013024,1891,3.7
1013024,1892,4.7
1013024,1893,4.2
1013024,1894,4.4
1013024,1895,6.3
1013024,1896,2.1
1013024,1897,0.0
1013024,1898,0.7
1013024,1906,-0.1
293,1986,-0.1
293,1987,1.3
293,1988,6.6
293,1989,6.4
293,1990,5.5
293,1991,3.6
293,1992,5.5
293,1993,4.5
293,1994,4.8
293,1995,2.2
293,1996,2.8
293,1997,1.4
293,1998,3.1
293,1999,3.6
293,2000,0.1
293,2001,3.6
293,2002,2.4
293,2003,0.4
293,2004,-0.7
1001157,1968,2.7
1001157,1969,6.2
1001157,1970,5.5
1001157,1971,6.2
1001157,1972,4.8
1001157,1973,7.4
1001157,1974,4.4
1001157,1975,5.3
1001157,1976,1.8
1001157,1977,5.0
1001157,1978,4.6
1001157,1979,3.4
1001157,1980,-0.3
1001157,1981,0.3
114,1988,0.0
114,1989,-0.4
114,1990,2.9
114,1991,-1.3
114,1992,6.5
114,1993,0.6
114,1994,2.3
114,1995,2.5
114,1996,6.5
114,1997,2.4
114,1998,3.8
114,1999,3.6
114,2000,6.6
114,2001,4.6
114,2002,4.8
114,2003,7.3
114,2004,3.8
114,2005,2.4
114,2006,0.3
114,2007,3.0
114,2008,-0.2
114,2009,0.3
1010300,1982,0.4
1010300,1983,0.8
1010300,1984,1.7
1010300,1985,1.6
1010300,1986,4.0
1010300,1987,1.8
1010300,1988,-0.3
1010300,1989,2.2
1010300,1990,4.4
1010300,1991,4.8
1010300,1992,4.6
1010300,1993,5.2
1010300,1994,4.4
1010300,1995,3.7
1010300,1996,3.3
1010300,1997,1.9
1010300,1998,0.7
1010300,1999,1.5
1005047,1887,3.5
1005047,1888,2.7
1005047,1889,3.4
1005047,1890,3.1
1005047,1891,3.9
1005047,1892,4.5
1005047,1893,3.0
1005047,1894,4.6
1005047,1895,5.9
1005047,1896,3.3
1005047,1897,4.3
1005047,1898,3.1
1008675,1882,1.3
1008675,1883,2.6
1008675,1884,3.8
1008675,1885,2.3
1008675,1886,5.0
1008675,1887,4.9
1008675,1888,3.3
1008675,1889,4.1
1008675,1890,5.3
1008675,1891,4.8
1008675,1892,5.4
1008675,1893,4.3
1008675,1894,3.3
1008675,1895,2.9
1008675,1896,3.6
1008675,1897,2.0
1008675,1898,2.0
1008675,1899,1.9
1012501,1941,0.0
1012501,1942,2.8
1012501,1943,4.0
1012501,1944,5.6
1012501,1945,5.5
1012501,1946,2.9
1012501,1947,4.0
1012501,1948,4.9
1012501,1949,7.5
1012501,1950,4.3
1012501,1951,3.2
1012501,1952,1.6
1012501,1953,0.7
1012501,1954,1.0
1012501,1955,0.5
1013828,1909,0.7
1013828,1910,3.2
1013828,1911,1.9
1013828,1912,3.0
1013828,1913,3.3
1013828,1914,5.2
1013828,1915,2.7
1013828,1916,6.4
1013828,1917,2.9
1013828,1918,2.5
1013828,1919,2.7
1013828,1920,4.9
1013828,1921,3.1
1013828,1922,4.6
1013828,1923,2.6
1013828,1924,6.9
1013828,1925,5.1
1013828,1926,1.0
1013828,1927,0.4
1004528,1908,0.0
1004528,1909,0.5
1004528,1910,2.8
1004528,1911,4.1
1004528,1912,5.8
1004528,1913,2.2
1004528,1914,3.3
1004528,1915,1.9
1004528,1916,4.8
1004528,1917,4.0
1004528,1918,3.5
1004528,1919,3.0
1004528,1920,3.9
1004528,1921,4.2
1004528,1922,1.4
1004528,1923,0.5
1004528,1924,-0.4
1002043,1958,0.0
1002043,1959,0.4
1002043,1960,3.0
1002043,1961,10.2
1002043,1962,4.3
1002043,1963,4.4
1002043,1964,2.9
1002043,1965,5.2
1002043,1966,4.0
1002043,1967,3.8
1002043,1968,3.5
1002043,1969,3.2
1002043,1970,2.4
1002043,1971,3.8
1002043,1972,1.7
1002043,1973,1.9
1002043,1974,0.1
246,1991,-0.1
246,1992,5.8
246,1993,7.0
246,1994,6.6
246,1995,3.8
246,1996,4.6
246,1997,5.2
246,1998,5.6
246,1999,4.8
246,2000,3.0
246,2001,1.5
246,2002,2.8
246,2003,3.9
246,2004,0.3
246,2005,3.9
246,2006,1.0
246,2007,2.9
1005883,1943,-0.1
1005883,1947,-0.2
1005883,1948,0.1
1005883,1949,3.1
1005883,1950,3.1
1005883,1951,5.0
1005883,1952,5.1
1005883,1953,4.4
1005883,1954,6.0
1005883,1955,3.9
1005883,1956,3.7
1005883,1957,4.1
1005883,1958,1.1
1005883,1959,2.8
1005883,1960,0.0
1005883,1961,-0.5
1005883,1962,0.6
1005883,1963,-0.1
745,1997,0.2
745,1998,0.4
745,1999,-0.5
745,2000,0.7
745,2001,0.3
745,2002,1.1
745,2003,3.2
745,2004,4.2
745,2005,5.3
745,2006,5.3
745,2007,6.3
745,2008,1.8
745,2009,0.3
745,2010,2.6
745,2011,3.7
745,2012,3.1
745,2013,3.4
745,2014,2.2
745,2015,2.9
745,2016,4.5
1014396,1974,0.8
1014396,1975,0.1
1014396,1976,1.1
1014396,1977,2.4
1014396,1978,4.4
1014396,1979,2.5
1014396,1980,6.1
1014396,1981,4.5
1014396,1982,9.8
1014396,1983,6.4
1014396,1984,5.3
1014396,1985,1.6
1014396,1986,2.4
1014396,1987,3.2
1014396,1988,5.5
1014396,1989,5.3
1014396,1990,2.0
1014396,1991,0.6
1014396,1992,0.9
1014396,1993,1.7
1008423,1959,3.1
1008423,1960,1.3
1008423,1961,2.3
1008423,1962,2.3
1008423,1963,6.3
1008423,1964,0.3
1008423,1965,5.7
1008423,1966,5.9
1008423,1967,4.8
1008423,1968,7.0
1008423,1969,7.9
1008423,1970,6.8
1008423,1971,2.6
1008423,1972,0.0
1008423,1973,3.6
1008423,1974,3.5
1008423,1975,2.2
1008423,1976,0.2
1008423,1977,2.1
1008423,1978,-0.5
1008423,1979,0.2
1008423,1980,-0.5
335,1986,1.1
335,1987,1.0
335,1988,6.3
335,1989,3.3
335,1990,5.4
335,1991,6.0
335,1992,5.3
335,1993,3.5
335,1994,3.7
335,1995,5.3
335,1996,6.8
335,1997,3.5
335,1998,5.9
335,1999,5.1
335,2000,2.5
335,2001,0.3
335,2002,-0.1
335,2003,0.8
335,2004,1.5
1000875,1930,4.5
1000875,1931,6.2
1000875,1932,4.1
1000875,1933,6.4
1000875,1934,4.9
1000875,1935,5.7
1000875,1936,4.4
1000875,1937,2.8
1000875,1938,2.6
1000875,1939,1.0
1000875,1940,0.2
1003865,1972,0.3
1003865,1973,0.4
1003865,1974,3.9
1003865,1975,4.4
1003865,1976,3.1
1003865,1977,2.1
1003865,1978,2.5
1003865,1979,3.9
1003865,1980,3.1
1003865,1981,6.6
1003865,1982,6.5
1003865,1983,1.3
1003865,1984,5.3
1003865,1985,4.0
1003865,1986,4.5
1003865,1987,4.9
1003865,1988,3.5
1003865,1989,3.4
1003865,1990,0.4
1003865,1991,0.8
56,1988,1.1
56,1989,3.8
56,1990,3.5
56,1991,1.7
56,1992,4.4
56,1993,4.9
56,1994,1.8
56,1995,4.7
56,1996,3.9
56,1997,4.7
56,1998,3.3
56,1999,3.3
56,2000,3.0
56,2001,2.6
56,2002,-0.3
56,2003,-1.0
548,1999,0.3
548,2000,2.4
548,2001,6.8
548,2002,6.1
548,2003,6.0
548,2004,6.2
548,2005,2.7
548,2006,6.1
548,2007,2.8
548,2008,7.7
548,2009,2.6
548,2010,1.6
548,2011,4.7
548,2012,0.1
548,2013,-0.3
1001458,1961,-0.3
1001458,1962,0.3
1001458,1963,1.7
1001458,1964,4.6
1001458,1965,3.9
1001458,1966,3.3
1001458,1967,5.2
1001458,1968,5.3
1001458,1969,3.2
1001458,1970,2.1
1001458,1971,3.9
1001458,1972,2.1
1001458,1973,2.5
1001458,1974,3.0
1001458,1975,2.2
1001458,1976,1.9
1001458,1977,-0.7
1001458,1978,-1.8
1001458,1979,0.8
1000137,1963,0.1
1000137,1964,8.2
1000137,1965,6.3
1000137,1966,7.4
1000137,1967,6.1
1000137,1968,4.0
1000137,1969,3.7
1000137,1970,2.9
1000137,1971,5.2
1000137,1972,8.0
1000137,1973,3.2
1000137,1974,4.2
1000137,1975,0.4
1000137,1976,1.5
1000137,1977,0.2
1005270,1888,0.4
1005270,1889,3.9
1005270,1890,4.9
1005270,1891,7.2
1005270,1892,6.4
1005270,1893,5.5
1005270,1894,8.3
1005270,1895,6.9
1005270,1896,6.0
1005270,1897,5.4
1005270,1898,5.1
1005270,1899,2.2
1005270,1900,5.2
1005270,1901,2.8
1013062,1887,1.7
1013062,1888,5.0
1013062,1889,5.9
1013062,1890,4.5
1013062,1891,4.8
1013062,1892,3.3
1013062,1893,3.4
1013062,1894,0.6
1013062,1895,4.4
1013062,1896,5.7
1013062,1897,3.3
1013062,1898,1.6
1013062,1899,-0.4
1101,2001,6.0
1101,2002,4.7
1101,2003,5.7
1101,2004,7.1
1101,2005,3.6
1101,2006,5.6
1101,2007,6.1
1101,2008,4.3
1101,2009,5.5
1101,2010,4.8
1101,2011,0.1
1101,2012,2.2
1101,2013,1.1
1101,2014,1.1
1101,2015,-0.8
1101,2016,1.3
1101,2017,-0.1
1101,2018,-0.4
1101,2019,-0.1
1006923,1946,2.5
1006923,1947,8.2
1006923,1948,5.7
1006923,1949,7.8
1006923,1950,5.0
1006923,1951,7.6
1006923,1952,4.2
1006923,1953,2.8
1006923,1954,2.7
1006923,1955,0.8
1013388,1912,0.5
1013388,1913,0.8
1013388,1914,2.0
1013388,1915,4.7
1013388,1916,4.4
1013388,1917,6.4
1013388,1918,2.6
1013388,1919,6.6
1013388,1920,3.9
1013388,1921,5.3
1013388,1922,4.4
1013388,1923,0.7
1013388,1924,1.4
1013388,1925,0.0
1004158,1898,5.0
1004158,1899,4.5
1004158,1900,6.3
1004158,1901,7.1
1004158,1902,2.8
1004158,1903,4.4
1004158,1904,6.6
1004158,1905,5.7
1004158,1906,6.7
1004158,1907,6.1
1004158,1908,0.0
1004158,1909,0.6
1004158,1910,0.1
860,1988,3.9
860,1989,3.8
860,1990,3.0
860,1991,4.3
860,1992,6.1
860,1993,5.7
860,1994,2.0
860,1995,2.2
860,1996,5.2
860,1997,3.6
860,1998,3.8
860,1999,7.3
860,2000,5.0
860,2001,6.6
860,2002,1.4
860,2003,0.3
860,2004,-0.7
1007518,1975,-0.4
1007518,1976,-0.1
1007518,1977,5.0
1007518,1978,4.6
1007518,1979,5.8
1007518,1980,3.9
1007518,1981,3.9
1007518,1982,3.2
1007518,1983,5.6
1007518,1984,6.2
1007518,1985,3.7
1007518,1986,3.0
1007518,1987,3.8
1007518,1988,2.5
1007518,1989,-1.0
1007518,1990,2.1
1002537,1880,3.1
1002537,1881,1.8
1002537,1882,4.2
1002537,1883,4.8
1002537,1884,3.0
1002537,1885,8.2
1002537,1886,7.3
1002537,1887,6.4
1002537,1888,7.5
1002537,1889,6.2
1002537,1890,7.6
1002537,1891,5.7
1002537,1892,6.3
1002537,1893,4.8
1002537,1894,3.8
1002537,1895,3.4
1002537,1896,2.3
1002537,1897,-0.3
1000272,1871,0.9
1000272,1872,2.2
1000272,1873,2.0
1000272,1874,1.9
1000272,1875,2.4
1000272,1876,4.0
1000272,1877,2.1
1000272,1878,1.6
1000272,1879,2.1
1000272,1880,5.0
1000272,1881,5.9
1000272,1882,4.2
1000272,1883,2.0
1000272,1884,4.7
1000272,1885,3.8
1000272,1886,7.2
1000272,1887,5.5
1000272,1888,6.5
1000272,1889,5.4
1000272,1890,5.1
1000272,1891,4.1
1000272,1892,2.4
1000272,1893,2.2
1000272,1894,2.9
1000272,1895,2.0
1000272,1896,2.1
1000272,1897,1.0
4314,2007,-0.1
4314,2008,3.6
4314,2009,4.6
4314,2010,6.9
4314,2011,6.4
4314,2012,5.3
4314,2013,5.7
4314,2014,0.8
4314,2015,7.3
4314,2016,5.2
4314,2017,6.5
4314,2018,3.5
4314,2019,0.6
1010360,1958,0.2
1010360,1959,5.3
1010360,1960,4.6
1010360,1961,6.8
1010360,1962,3.9
1010360,1963,6.5
1010360,1964,3.3
1010360,1965,5.3
1010360,1966,2.5
1010360,1967,3.7
1010360,1968,0.8
1010360,1969,0.2
1010360,1970,2.7
1010360,1971,0.7
1010360,1972,1.6
1010360,1973,-0.4
1010360,1974,0.5
1010360,1975,-0.7
1002131,1898,0.3
1002131,1899,0.9
1002131,1900,1.3
1002131,1901,1.5
1002131,1902,2.6
1002131,1903,6.2
1002131,1904,6.3
1002131,1905,6.3
1002131,1906,7.7
1002131,1907,4.9
1002131,1908,3.9
1002131,1909,2.3
1002131,1910,2.7
1002131,1911,1.1
1002131,1912,0.1
1002131,1913,0.1
1002131,1914,0.0
1006308,1967,-0.4
1006308,1968,4.7
1006308,1969,8.9
1006308,1970,2.7
1006308,1971,6.2
1006308,1972,4.8
1006308,1973,7.1
1006308,1974,5.7
1006308,1975,6.1
1006308,1976,4.8
1006308,1977,4.9
1006308,1978,3.3
1006308,1979,3.9
1006308,1980,5.0
1006308,1981,1.2
1006308,1982,3.0
1006308,1983,-1.5
1006308,1984,0.0
1006308,1985,1.5
1006308,1986,1.5
1006308,1987,-0.6
1009415,1925,0.0
1009415,1926,0.7
1009415,1927,1.5
1009415,1928,3.5
1009415,1929,2.5
1009415,1930,2.4
1009415,1931,3.4
1009415,1932,3.3
1009415,1933,4.4
1009415,1934,3.8
1009415,1935,6.0
1009415,1936,1.1
1009415,1937,2.5
1009415,1938,5.2
1009415,1939,1.8
1009415,1940,1.5
1009415,1941,0.3
1679,2003,0.3
1679,2004,1.5
1679,2005,7.2
1679,2006,7.2
1679,2007,7.7
1679,2008,8.2
1679,2009,8.2
1679,2010,5.2
1679,2011,4.0
1679,2012,2.6
1679,2013,3.7
1679,2014,3.7
1679,2015,0.1
1679,2016,2.2
1679,2017,1.1
1679,2018,0.1
1008984,1949,0.0
1008984,1951,5.5
1008984,1952,4.3
1008984,1953,4.6
1008984,1954,7.8
1008984,1955,4.1
1008984,1956,6.2
1008984,1957,5.2
1008984,1958,5.0
1008984,1959,5.3
1008984,1960,3.3
1008984,1961,1.1
1008984,1962,-0.4
1008984,1963,-1.1
1008984,1964,0.2
1008984,1976,-0.1
1008984,1980,0.0
1002808,1887,0.3
1002808,1888,-0.1
1002808,1889,0.6
1002808,1890,0.8
1002808,1891,3.1
1002808,1892,3.3
1002808,1893,2.3
1002808,1894,4.8
1002808,1895,2.4
1002808,1896,0.5
1002808,1897,0.0
1002808,1898,4.4
1002808,1899,3.3
1002808,1900,2.5
1002808,1901,3.8
1002808,1902,4.7
1002808,1903,1.8
1002808,1904,3.2
1002808,1905,2.0
1002808,1906,1.8
1002808,1907,0.4
549,1988,0.1
549,1989,2.1
549,1990,3.1
549,1991,3.5
549,1992,3.9
549,1993,4.7
549,1994,4.4
549,1995,6.2
549,1996,4.8
549,1997,9.3
549,1998,6.5
549,1999,4.9
549,2000,1.5
549,2001,2.8
549,2002,1.9
549,2003,2.0
549,2004,1.3
549,2005,2.7
549,2006,0.9
549,2007,-0.8
1086,1987,0.3
1086,1988,0.0
1086,1989,0.5
1086,1990,5.5
1086,1991,5.7
1086,1992,6.0
1086,1993,0.2
1086,1994,3.0
1086,1995,7.0
1086,1996,5.9
1086,1997,6.1
1086,1998,5.5
1086,1999,5.3
1086,2000,5.3
1086,2001,4.7
1086,2002,2.1
1086,2003,2.7
1086,2004,-0.5
1003864,1969,-0.3
1003864,1970,0.4
1003864,1971,1.2
1003864,1972,4.3
1003864,1973,9.7
1003864,1974,6.8
1003864,1975,3.1
1003864,1976,0.4
1003864,1977,1.8
1003864,1978,4.2
1003864,1979,2.5
1003864,1980,4.1
1003864,1981,3.0
1003864,1982,2.2
1003864,1983,4.2
1003864,1984,1.3
1003864,1985,4.2
1003864,1986,3.8
1003864,1987,4.6
1003864,1988,1.1
1003864,1989,-1.4
1009839,1872,0.1
1009839,1873,2.1
1009839,1874,2.5
1009839,1875,2.8
1009839,1876,2.6
1009839,1877,2.7
1009839,1878,1.2
1009839,1879,3.3
1009839,1880,2.5
1009839,1881,1.5
1009839,1882,1.3
1009839,1883,2.6
1009839,1884,4.1
1009839,1885,4.0
1009839,1886,3.8
1009839,1887,1.9
1009839,1888,2.5
1009839,1889,2.4
1009839,1890,4.2
1009839,1891,1.6
1009839,1892,1.9
1009839,1893,0.3
1009839,1904,0.0
1011766,1920,0.6
1011766,1921,4.5
1011766,1922,2.3
1011766,1923,6.9
1011766,1924,3.7
1011766,1925,4.8
1011766,1926,5.4
1011766,1927,3.0
1011766,1928,4.8
1011766,1929,3.9
1011766,1930,1.0
1011766,1931,3.3
1011766,1932,2.4
1011766,1933,1.5
1007718,1931,0.8
1007718,1932,3.0
1007718,1933,1.4
1007718,1934,2.0
1007718,1935,3.3
1007718,1936,3.2
1007718,1937,2.4
1007718,1938,5.2
1007718,1939,2.9
1007718,1940,3.6
1007718,1941,1.3
1007718,1942,3.7
1007718,1943,2.0
1007718,1944,1.1
1007718,1945,3.7
1007718,1946,1.9
1007718,1947,0.4
1013075,1902,3.4
1013075,1903,3.9
1013075,1904,3.6
1013075,1905,4.6
1013075,1906,4.2
1013075,1907,2.5
1013075,1908,7.5
1013075,1909,4.8
1013075,1910,4.3
1013075,1911,4.5
1013075,1912,3.5
1013075,1913,3.9
1013075,1914,4.3
1013075,1915,0.7
1013075,1916,-0.1
77,1987,-0.2
77,1988,0.5
77,1989,2.3
77,1990,5.0
77,1991,5.0
77,1992,1.7
77,1993,5.9
77,1994,4.5
77,1995,4.5
77,1996,2.6
77,1997,4.1
77,1998,2.3
77,1999,4.0
77,2000,0.6
77,2001,1.5
77,2002,0.4
77,2003,-0.1
1011341,1885,0.2
1011341,1886,1.4
1011341,1887,1.2
1011341,1888,5.9
1011341,1889,4.6
1011341,1890,4.0
1011341,1891,3.0
1011341,1892,3.8
1011341,1893,1.6
1011341,1894,2.8
1011341,1895,1.7
1011341,1896,1.4
1011341,1897,2.4
1011341,1898,4.7
1011341,1899,1.7
1011341,1900,0.7
1011341,1902,3.4
1011341,1903,1.1
1004285,1925,0.2
1004285,1926,0.1
1004285,1927,0.8
1004285,1928,4.7
1004285,1929,8.0
1004285,1930,7.0
1004285,1931,5.1
1004285,1932,11.3
1004285,1933,9.9
1004285,1934,8.8
1004285,1935,8.5
1004285,1936,6.7
1004285,1937,4.1
1004285,1938,8.3
1004285,1939,7.3
1004285,1940,5.5
1004285,1941,4.5
1004285,1942,0.4
1004285,1944,-0.3
1004285,1945,0.6
1004440,1934,0.6
1004440,1935,6.1
1004440,1936,2.0
1004440,1937,3.3
1004440,1938,2.4
1004440,1939,3.1
1004440,1940,0.7
1004440,1941,-0.4
1004440,1942,0.5
1004440,1943,5.5
1004440,1944,6.0
1004440,1945,5.8
1004440,1946,3.1
1004440,1947,3.7
1004440,1948,0.8
1004440,1949,0.1
1010116,1910,-0.2
1010116,1912,-0.4
1010116,1913,1.4
1010116,1914,2.5
1010116,1915,2.2
1010116,1916,4.5
1010116,1917,3.7
1010116,1918,2.8
1010116,1919,5.9
1010116,1920,3.7
1010116,1921,3.1
1010116,1922,2.0
1010116,1923,2.3
1010116,1924,4.3
1010116,1925,2.4
1010116,1926,0.2
1010116,1927,1.1
302,1989,-0.4
302,1990,0.4
302,1991,0.5
302,1992,0.8
302,1993,4.6
302,1994,3.8
302,1995,5.2
302,1996,5.5
302,1997,2.5
302,1998,7.1
302,1999,5.3
302,2000,5.8
302,2001,9.9
302,2002,5.1
302,2003,2.8
302,2004,2.3
302,2005,-1.4
302,2007,0.3
210,1993,-0.6
210,1994,1.5
210,1995,3.2
210,1996,4.3
210,1997,4.6
210,1998,5.4
210,1999,7.5
210,2000,4.8
210,2001,5.2
210,2002,5.3
210,2003,5.8
210,2004,3.3
210,2005,2.9
210,2006,2.9
210,2007,1.2
210,2008,5.9
210,2009,2.5
210,2010,1.1
210,2011,-0.3
1005590,1914,-0.2
1005590,1916,2.6
1005590,1917,2.3
1005590,1918,1.9
1005590,1919,3.6
1005590,1920,1.6
1005590,1921,6.8
1005590,1922,5.0
1005590,1923,9.2
1005590,1924,6.2
1005590,1925,6.5
1005590,1926,4.9
1005590,1927,6.9
1005590,1928,3.7
1005590,1929,3.2
1005590,1930,4.7
1005590,1932,-0.1
990,1995,0.2
990,1996,1.4
990,1997,2.1
990,1998,4.0
990,1999,6.7
990,2000,6.3
990,2001,5.5
990,2002,6.9
990,2003,4.6
990,2004,5.0
990,2005,5.9
990,2006,3.0
990,2007,1.0
990,2008,4.1
990,2009,-1.8
1003346,1947,-0.3
1003346,1948,4.5
1003346,1949,4.3
1003346,1950,6.8
1003346,1951,6.3
1003346,1952,6.9
1003346,1953,5.0
1003346,1954,5.9
1003346,1955,4.2
1003346,1956,4.7
1003346,1957,2.4
1003346,1958,1.5
1003346,1959,-1.0
841,1995,0.0
841,1996,-0.2
841,1997,0.6
841,1998,3.1
841,1999,1.2
841,2000,6.1
841,2001,3.5
841,2002,4.2
841,2003,6.0
841,2004,4.1
841,2005,3.3
841,2006,4.3
841,2007,5.6
841,2008,-0.5
841,2009,1.0
841,2010,-1.0
841,2011,-0.9
1177,2001,7.2
1177,2002,5.4
1177,2003,9.5
1177,2004,7.8
1177,2005,7.7
1177,2006,8.1
1177,2007,7.7
1177,2008,8.7
1177,2009,8.4
1177,2010,6.7
1177,2011,3.9
1177,2012,3.3
1177,2013,0.5
1177,2014,2.7
1177,2015,1.6
1177,2016,0.8
1177,2017,-1.9
1177,2018,-0.2
1177,2019,0.0
1004315,1961,0.0
1004315,1963,1.7
1004315,1964,5.1
1004315,1965,1.4
1004315,1966,1.5
1004315,1967,5.8
1004315,1968,7.0
1004315,1969,2.9
1004315,1970,2.8
1004315,1971,4.9
1004315,1972,3.5
1004315,1973,2.0
1004315,1974,3.9
1004315,1975,2.0
1004315,1976,0.3
1004250,1969,0.0
1004250,1970,0.1
1004250,1971,1.8
1004250,1972,-0.7
1004250,1973,0.6
1004250,1974,1.3
1004250,1975,5.2
1004250,1976,6.3
1004250,1977,8.9
1004250,1978,5.4
1004250,1979,5.3
1004250,1980,4.1
1004250,1981,3.8
1004250,1982,-0.3
1004250,1983,0.9
1004250,1984,2.4
1004250,1985,1.7
1004250,1986,0.1
1002384,1925,2.8
1002384,1926,2.0
1002384,1927,4.2
1002384,1928,3.7
1002384,1929,4.5
1002384,1930,5.2
1002384,1931,5.6
1002384,1932,5.6
1002384,1933,6.2
1002384,1934,3.9
1002384,1935,4.5
1002384,1936,1.2
1002384,1937,1.2
1003311,1936,5.2
1003311,1937,9.1
1003311,1938,5.9
1003311,1939,8.5
1003311,1940,7.5
1003311,1941,9.8
1003311,1942,6.5
1003311,1946,5.2
1003311,1947,4.9
1003311,1948,7.3
1003311,1949,4.7
1003311,1950,5.6
1003311,1951,2.8
1002015,1974,0.4
1002015,1975,3.2
1002015,1976,1.1
1002015,1977,5.3
1002015,1978,5.1
1002015,1979,5.9
1002015,1980,6.0
1002015,1981,3.9
1002015,1982,8.4
1002015,1983,6.8
1002015,1984,7.1
1002015,1985,6.7
1002015,1986,3.8
1002015,1987,1.4
1002015,1988,1.0
1002015,1989,-0.1
1002015,1990,1.5
1002015,1991,1.4
1002015,1992,0.5
1012916,1894,0.9
1012916,1895,-0.1
1012916,1896,1.5
1012916,1897,2.9
1012916,1898,3.3
1012916,1899,6.1
1012916,1900,1.3
1012916,1901,1.6
1012916,1902,4.9
1012916,1903,3.9
1012916,1904,3.1
1012916,1905,3.9
1012916,1906,3.2
1012916,1907,4.0
1012916,1908,3.4
1012916,1909,1.4
1012916,1911,0.1
1011843,1897,0.3
1011843,1898,1.2
1011843,1899,4.3
1011843,1900,2.6
1011843,1901,6.8
1011843,1902,3.9
1011843,1903,7.5
1011843,1904,2.1
1011843,1905,4.1
1011843,1906,3.9
1011843,1907,3.1
1011843,1908,1.6
1011843,1909,2.6
1011843,1910,3.6
1011843,1911,5.7
1011843,1912,3.0
1011843,1913,0.1
1006555,1896,2.9
1006555,1897,3.1
1006555,1898,2.4
1006555,1899,1.3
1006555,1900,3.2
1006555,1901,4.4
1006555,1902,4.2
1006555,1903,3.1
1006555,1904,3.4
1006555,1905,4.5
1006555,1906,4.0
1006555,1907,3.9
1006555,1908,4.9
1006555,1914,0.0
1006555,1915,-0.2
1006806,1878,0.9
1006806,1879,4.0
1006806,1880,1.7
1006806,1881,2.8
1006806,1882,2.7
1006806,1883,1.1
1006806,1884,5.0
1006806,1885,3.5
1006806,1886,7.6
1006806,1887,3.6
1006806,1888,4.3
1006806,1889,3.2
1006806,1890,3.3
1006806,1891,2.1
1006806,1892,-0.4
1006806,1893,-0.5
1010897,1974,-0.1
1010897,1975,2.9
1010897,1976,2.4
1010897,1977,5.0
1010897,1978,7.7
1010897,1979,5.9
1010897,1980,2.3
1010897,1981,2.8
1010897,1982,3.7
1010897,1983,6.2
1010897,1984,3.2
1010897,1985,2.6
1010897,1986,5.5
1010897,1987,0.6
1010897,1988,0.7
1010897,1989,-0.7
1002280,1894,0.0
1002280,1895,3.0
1002280,1896,3.3
1002280,1897,6.5
1002280,1898,4.1
1002280,1899,4.9
1002280,1900,2.7
1002280,1901,5.5
1002280,1902,5.4
1002280,1903,5.0
1002280,1904,2.4
1002280,1905,4.1
1002280,1906,3.9
1002280,1907,5.4
1002280,1908,4.7
1002280,1909,5.7
1002280,1910,2.4
1002280,1911,4.0
1002280,1913,-0.2
1002280,1914,0.0
1002280,1915,0.0
945,1996,0.0
945,1997,0.6
945,1998,6.5
945,1999,6.3
945,2000,6.9
945,2001,5.3
945,2002,5.2
945,2003,5.6
945,2004,5.7
945,2005,3.8
945,2006,3.6
945,2007,3.4
945,2008,1.6
945,2009,2.7
945,2010,2.4
945,2011,0.3
945,2012,0.1
945,2014,-0.2
1002404,1955,0.3
1002404,1956,2.7
1002404,1957,3.5
1002404,1958,6.6
1002404,1959,5.3
1002404,1960,1.6
1002404,1961,8.0
1002404,1962,6.0
1002404,1963,3.7
1002404,1964,3.9
1002404,1965,3.8
1002404,1966,2.5
1002404,1967,0.5
1002404,1968,0.6
857,1991,0.4
857,1992,2.0
857,1993,2.2
857,1994,3.3
857,1995,6.4
857,1996,3.9
857,1997,5.1
857,1998,4.9
857,1999,4.9
857,2000,4.9
857,2001,4.8
857,2002,4.9
857,2003,0.0
857,2004,-0.2
857,2005,-2.3
857,2006,-1.2
